split,domain,task_id,sample_id,edge_reward,cloud_reward,delta_reward_cloud_minus_edge,edge_success,cloud_success,edge_exclusive,cloud_exclusive,both_success,oracle_reward,edge_steps,cloud_steps,edge_termination,cloud_termination,edge_parser_recovery_count,cloud_parser_recovery_count,edge_parser_recovery_fraction,cloud_parser_recovery_fraction,edge_malformed_json,cloud_malformed_json,edge_invalid_tool,cloud_invalid_tool,edge_tool_error,cloud_tool_error,first_input_identical
train,airline,1,airline:1,1.0,1.0,0.0,1,1,0,0,1,1.0,24,10,user_stop,user_stop,12,10,0.5,1.0,1,0,0,0,0,0,1
train,airline,10,airline:10,1.0,1.0,0.0,1,1,0,0,1,1.0,2,12,user_stop,user_stop,2,12,1.0,1.0,1,0,0,0,0,0,1
train,airline,12,airline:12,0.0,0.0,0.0,0,0,0,0,0,0.0,26,12,user_stop,user_stop,11,12,0.423077,1.0,1,0,0,0,0,0,1
train,airline,14,airline:14,0.0,0.0,0.0,0,0,0,0,0,0.0,3,5,user_stop,user_stop,2,5,0.666667,1.0,0,0,0,0,0,0,1
train,airline,15,airline:15,0.0,0.0,0.0,0,0,0,0,0,0.0,7,12,user_stop,user_stop,7,12,1.0,1.0,2,0,0,0,0,0,1
train,airline,17,airline:17,0.0,0.0,0.0,0,0,0,0,0,0.0,32,7,user_stop,user_stop,4,7,0.125,1.0,1,0,0,0,0,0,1
train,airline,20,airline:20,0.0,0.0,0.0,0,0,0,0,0,0.0,13,12,user_stop,user_stop,13,12,1.0,1.0,4,1,0,0,0,0,1
train,airline,21,airline:21,0.0,0.0,0.0,0,0,0,0,0,0.0,6,11,user_stop,user_stop,5,11,0.833333,1.0,2,0,0,0,0,0,1
train,airline,23,airline:23,0.0,0.0,0.0,0,0,0,0,0,0.0,2,16,user_stop,user_stop,2,16,1.0,1.0,1,0,0,0,0,0,1
train,airline,27,airline:27,0.0,0.0,0.0,0,0,0,0,0,0.0,7,8,user_stop,user_stop,7,8,1.0,1.0,1,0,0,0,0,0,1
train,airline,33,airline:33,0.0,0.0,0.0,0,0,0,0,0,0.0,9,12,user_stop,user_stop,7,12,0.777778,1.0,1,0,0,0,0,0,1
train,airline,36,airline:36,0.0,1.0,1.0,0,1,0,1,0,1.0,50,12,max_steps,user_stop,3,12,0.06,1.0,0,0,0,0,0,0,1
train,airline,38,airline:38,0.0,0.0,0.0,0,0,0,0,0,0.0,50,17,max_steps,user_stop,1,17,0.02,1.0,0,0,0,0,0,0,1
train,airline,4,airline:4,1.0,1.0,0.0,1,1,0,0,1,1.0,28,9,user_stop,user_stop,5,9,0.178571,1.0,2,0,0,0,0,0,1
train,airline,40,airline:40,0.0,0.0,0.0,0,0,0,0,0,0.0,42,7,user_stop,user_stop,7,7,0.166667,1.0,1,1,0,0,0,0,1
train,airline,43,airline:43,1.0,1.0,0.0,1,1,0,0,1,1.0,9,7,user_stop,user_stop,8,7,0.888889,1.0,2,0,0,0,0,0,1
train,airline,46,airline:46,1.0,1.0,0.0,1,1,0,0,1,1.0,3,6,user_stop,user_stop,2,6,0.666667,1.0,0,0,0,0,0,0,1
train,airline,47,airline:47,1.0,1.0,0.0,1,1,0,0,1,1.0,10,7,user_stop,user_stop,9,7,0.9,1.0,2,0,0,0,0,0,1
train,airline,49,airline:49,0.0,1.0,1.0,0,1,0,1,0,1.0,9,5,user_stop,user_stop,6,5,0.666667,1.0,2,0,0,0,0,0,1
train,airline,5,airline:5,1.0,1.0,0.0,1,1,0,0,1,1.0,38,12,user_stop,user_stop,5,12,0.131579,1.0,3,0,0,0,0,0,1
train,airline,7,airline:7,0.0,0.0,0.0,0,0,0,0,0,0.0,13,15,user_stop,user_stop,13,15,1.0,1.0,5,0,0,0,0,0,1
train,retail,0,retail:0,0.0,0.0,0.0,0,0,0,0,0,0.0,37,12,user_stop,user_stop,11,12,0.297297,1.0,1,1,0,0,0,0,1
train,retail,10,retail:10,1.0,1.0,0.0,1,1,0,0,1,1.0,10,13,user_stop,user_stop,9,13,0.9,1.0,1,0,0,0,0,0,1
train,retail,103,retail:103,0.0,0.0,0.0,0,0,0,0,0,0.0,50,19,max_steps,user_stop,22,19,0.44,1.0,4,0,0,0,0,0,1
train,retail,105,retail:105,1.0,1.0,0.0,1,1,0,0,1,1.0,7,23,user_stop,user_stop,7,23,1.0,1.0,2,2,0,0,0,0,1
train,retail,106,retail:106,0.0,0.0,0.0,0,0,0,0,0,0.0,9,12,user_stop,user_stop,7,12,0.777778,1.0,2,0,0,0,2,0,1
train,retail,107,retail:107,0.0,0.0,0.0,0,0,0,0,0,0.0,50,13,max_steps,user_stop,1,13,0.02,1.0,0,1,0,0,0,0,1
train,retail,109,retail:109,0.0,0.0,0.0,0,0,0,0,0,0.0,10,13,user_stop,user_stop,10,13,1.0,1.0,3,0,0,0,0,0,1
train,retail,11,retail:11,0.0,0.0,0.0,0,0,0,0,0,0.0,33,9,user_stop,user_stop,8,9,0.242424,1.0,0,0,0,0,0,0,1
train,retail,110,retail:110,0.0,0.0,0.0,0,0,0,0,0,0.0,50,16,max_steps,user_stop,1,16,0.02,1.0,0,0,0,0,0,0,1
train,retail,113,retail:113,0.0,0.0,0.0,0,0,0,0,0,0.0,35,7,user_stop,user_stop,5,7,0.142857,1.0,0,2,0,0,0,0,1
train,retail,13,retail:13,0.0,0.0,0.0,0,0,0,0,0,0.0,40,9,user_stop,user_stop,13,9,0.325,1.0,1,0,0,0,0,0,1
train,retail,14,retail:14,0.0,0.0,0.0,0,0,0,0,0,0.0,43,9,user_stop,user_stop,7,9,0.162791,1.0,1,0,0,0,1,0,1
train,retail,15,retail:15,0.0,0.0,0.0,0,0,0,0,0,0.0,36,15,user_stop,user_stop,10,15,0.277778,1.0,2,1,0,0,0,0,1
train,retail,20,retail:20,0.0,0.0,0.0,0,0,0,0,0,0.0,27,12,user_stop,user_stop,7,12,0.259259,1.0,0,1,0,0,0,0,1
train,retail,21,retail:21,0.0,0.0,0.0,0,0,0,0,0,0.0,44,16,user_stop,user_stop,19,16,0.431818,1.0,0,2,0,0,0,0,1
train,retail,23,retail:23,0.0,0.0,0.0,0,0,0,0,0,0.0,28,19,user_stop,user_stop,4,19,0.142857,1.0,1,1,0,0,0,0,1
train,retail,24,retail:24,0.0,1.0,1.0,0,1,0,1,0,1.0,34,7,user_stop,user_stop,5,7,0.147059,1.0,0,1,0,0,0,0,1
train,retail,25,retail:25,0.0,1.0,1.0,0,1,0,1,0,1.0,50,8,max_steps,user_stop,1,8,0.02,1.0,0,1,0,0,0,0,1
train,retail,29,retail:29,0.0,0.0,0.0,0,0,0,0,0,0.0,40,17,user_stop,user_stop,17,17,0.425,1.0,1,1,0,0,0,0,1
train,retail,3,retail:3,0.0,0.0,0.0,0,0,0,0,0,0.0,50,13,max_steps,user_stop,1,13,0.02,1.0,0,1,0,0,0,0,1
train,retail,31,retail:31,0.0,0.0,0.0,0,0,0,0,0,0.0,41,24,user_stop,user_stop,5,24,0.121951,1.0,0,1,0,0,0,0,1
train,retail,35,retail:35,0.0,0.0,0.0,0,0,0,0,0,0.0,11,12,too_many_errors,user_stop,1,12,0.090909,1.0,0,0,0,0,10,0,1
train,retail,37,retail:37,0.0,0.0,0.0,0,0,0,0,0,0.0,39,13,user_stop,user_stop,15,13,0.384615,1.0,1,0,0,0,0,0,1
train,retail,4,retail:4,0.0,0.0,0.0,0,0,0,0,0,0.0,14,11,user_stop,user_stop,14,11,1.0,1.0,1,2,0,0,0,0,1
train,retail,41,retail:41,0.0,0.0,0.0,0,0,0,0,0,0.0,49,14,user_stop,user_stop,22,14,0.44898,1.0,3,1,0,0,0,0,1
train,retail,44,retail:44,0.0,0.0,0.0,0,0,0,0,0,0.0,50,9,max_steps,user_stop,1,9,0.02,1.0,0,1,0,0,0,0,1
train,retail,46,retail:46,0.0,0.0,0.0,0,0,0,0,0,0.0,10,12,user_stop,user_stop,9,12,0.9,1.0,3,1,0,0,0,0,1
train,retail,47,retail:47,0.0,0.0,0.0,0,0,0,0,0,0.0,15,9,user_stop,user_stop,15,9,1.0,1.0,1,0,0,0,0,0,1
train,retail,50,retail:50,1.0,1.0,0.0,1,1,0,0,1,1.0,23,7,user_stop,user_stop,3,7,0.130435,1.0,1,1,0,0,0,0,1
train,retail,54,retail:54,0.0,0.0,0.0,0,0,0,0,0,0.0,27,12,user_stop,user_stop,27,12,1.0,1.0,3,0,0,0,0,0,1
train,retail,57,retail:57,0.0,1.0,1.0,0,1,0,1,0,1.0,50,8,max_steps,user_stop,1,8,0.02,1.0,0,4,0,0,0,0,1
train,retail,58,retail:58,0.0,0.0,0.0,0,0,0,0,0,0.0,29,12,user_stop,user_stop,8,12,0.275862,1.0,2,1,0,0,0,0,1
train,retail,59,retail:59,0.0,0.0,0.0,0,0,0,0,0,0.0,50,12,max_steps,user_stop,4,12,0.08,1.0,1,1,0,0,0,0,1
train,retail,63,retail:63,0.0,0.0,0.0,0,0,0,0,0,0.0,10,19,user_stop,user_stop,9,19,0.9,1.0,2,1,0,0,0,0,1
train,retail,66,retail:66,0.0,0.0,0.0,0,0,0,0,0,0.0,27,11,user_stop,user_stop,5,11,0.185185,1.0,0,1,0,0,0,0,1
train,retail,69,retail:69,0.0,0.0,0.0,0,0,0,0,0,0.0,8,13,user_stop,user_stop,8,13,1.0,1.0,2,1,0,0,0,0,1
train,retail,72,retail:72,0.0,0.0,0.0,0,0,0,0,0,0.0,40,19,user_stop,user_stop,10,19,0.25,1.0,1,1,0,0,0,0,1
train,retail,73,retail:73,0.0,0.0,0.0,0,0,0,0,0,0.0,50,8,max_steps,user_stop,7,8,0.14,1.0,1,0,0,0,1,0,1
train,retail,75,retail:75,0.0,0.0,0.0,0,0,0,0,0,0.0,50,11,max_steps,user_stop,1,11,0.02,1.0,0,0,0,0,0,0,1
train,retail,78,retail:78,0.0,0.0,0.0,0,0,0,0,0,0.0,4,12,user_stop,user_stop,4,12,1.0,1.0,0,0,0,0,0,0,1
train,retail,8,retail:8,0.0,0.0,0.0,0,0,0,0,0,0.0,27,9,user_stop,user_stop,4,9,0.148148,1.0,0,1,0,0,0,0,1
train,retail,80,retail:80,0.0,0.0,0.0,0,0,0,0,0,0.0,50,8,max_steps,user_stop,1,8,0.02,1.0,0,0,0,0,0,0,1
train,retail,81,retail:81,0.0,0.0,0.0,0,0,0,0,0,0.0,50,8,max_steps,user_stop,2,8,0.04,1.0,1,0,0,0,0,0,1
train,retail,82,retail:82,0.0,0.0,0.0,0,0,0,0,0,0.0,5,6,user_stop,user_stop,5,6,1.0,1.0,1,1,0,0,0,0,1
train,retail,83,retail:83,0.0,0.0,0.0,0,0,0,0,0,0.0,11,9,user_stop,user_stop,11,9,1.0,1.0,2,1,0,0,0,0,1
train,retail,85,retail:85,0.0,0.0,0.0,0,0,0,0,0,0.0,45,14,user_stop,user_stop,13,14,0.288889,1.0,0,0,0,0,0,0,1
train,retail,87,retail:87,0.0,0.0,0.0,0,0,0,0,0,0.0,5,10,user_stop,user_stop,4,10,0.8,1.0,1,0,0,0,0,0,1
train,retail,89,retail:89,0.0,0.0,0.0,0,0,0,0,0,0.0,50,16,max_steps,user_stop,9,16,0.18,1.0,2,1,0,0,0,0,1
train,retail,91,retail:91,0.0,0.0,0.0,0,0,0,0,0,0.0,30,13,user_stop,user_stop,2,13,0.066667,1.0,1,1,0,0,0,0,1
train,retail,92,retail:92,0.0,0.0,0.0,0,0,0,0,0,0.0,40,13,user_stop,user_stop,12,13,0.3,1.0,1,1,0,0,0,0,1
train,retail,93,retail:93,0.0,0.0,0.0,0,0,0,0,0,0.0,8,14,user_stop,user_stop,8,14,1.0,1.0,1,1,0,0,0,0,1
train,retail,96,retail:96,0.0,0.0,0.0,0,0,0,0,0,0.0,10,9,user_stop,user_stop,10,9,1.0,1.0,1,1,0,0,0,0,1
train,telecom,[mms_issue]airplane_mode_on|bad_network_preference|bad_wifi_calling|break_apn_mms_setting|break_app_both_permissions|data_mode_off|data_usage_exceeded|unseat_sim_card|user_abroad_roaming_disabled_off[PERSONA:Hard],telecom:[mms_issue]airplane_mode_on|bad_network_preference|bad_wifi_calling|break_apn_mms_setting|break_app_both_permissions|data_mode_off|data_usage_exceeded|unseat_sim_card|user_abroad_roaming_disabled_off[PERSONA:Hard],0.0,0.0,0.0,0,0,0,0,0,0.0,47,36,user_error,max_steps,4,36,0.085106,1.0,3,3,0,0,1,0,1
train,telecom,[mms_issue]airplane_mode_on|bad_network_preference|bad_wifi_calling|break_apn_mms_setting|break_app_both_permissions|data_mode_off|data_usage_exceeded|unseat_sim_card|user_abroad_roaming_disabled_on[PERSONA:Hard],telecom:[mms_issue]airplane_mode_on|bad_network_preference|bad_wifi_calling|break_apn_mms_setting|break_app_both_permissions|data_mode_off|data_usage_exceeded|unseat_sim_card|user_abroad_roaming_disabled_on[PERSONA:Hard],0.0,0.0,0.0,0,0,0,0,0,0.0,50,3,max_steps,user_error,9,3,0.18,1.0,3,0,0,0,0,0,1
train,telecom,[mms_issue]airplane_mode_on|bad_network_preference|bad_wifi_calling|break_apn_mms_setting|break_app_sms_permission|data_mode_off|data_usage_exceeded|unseat_sim_card|user_abroad_roaming_enabled_off[PERSONA:None],telecom:[mms_issue]airplane_mode_on|bad_network_preference|bad_wifi_calling|break_apn_mms_setting|break_app_sms_permission|data_mode_off|data_usage_exceeded|unseat_sim_card|user_abroad_roaming_enabled_off[PERSONA:None],0.0,0.0,0.0,0,0,0,0,0,0.0,45,20,max_steps,user_stop,15,20,0.333333,1.0,2,1,0,0,0,0,1
train,telecom,[mms_issue]airplane_mode_on|bad_network_preference|bad_wifi_calling|break_apn_mms_setting|break_app_storage_permission|data_mode_off|data_usage_exceeded|unseat_sim_card[PERSONA:Easy],telecom:[mms_issue]airplane_mode_on|bad_network_preference|bad_wifi_calling|break_apn_mms_setting|break_app_storage_permission|data_mode_off|data_usage_exceeded|unseat_sim_card[PERSONA:Easy],0.0,0.0,0.0,0,0,0,0,0,0.0,50,5,max_steps,user_error,20,5,0.4,1.0,1,0,0,0,0,0,1
train,telecom,[mms_issue]airplane_mode_on|bad_network_preference|bad_wifi_calling|break_apn_mms_setting|break_app_storage_permission|data_mode_off|data_usage_exceeded|unseat_sim_card|user_abroad_roaming_disabled_off[PERSONA:Easy],telecom:[mms_issue]airplane_mode_on|bad_network_preference|bad_wifi_calling|break_apn_mms_setting|break_app_storage_permission|data_mode_off|data_usage_exceeded|unseat_sim_card|user_abroad_roaming_disabled_off[PERSONA:Easy],0.0,0.0,0.0,0,0,0,0,0,0.0,50,3,max_steps,user_error,10,3,0.2,1.0,2,0,0,0,0,0,1
train,telecom,[mms_issue]airplane_mode_on|bad_network_preference|bad_wifi_calling|break_app_sms_permission|data_mode_off|data_usage_exceeded|unseat_sim_card|user_abroad_roaming_disabled_off[PERSONA:None],telecom:[mms_issue]airplane_mode_on|bad_network_preference|bad_wifi_calling|break_app_sms_permission|data_mode_off|data_usage_exceeded|unseat_sim_card|user_abroad_roaming_disabled_off[PERSONA:None],0.0,0.0,0.0,0,0,0,0,0,0.0,46,8,max_steps,user_error,9,8,0.195652,1.0,2,0,0,0,1,0,1
train,telecom,[mms_issue]airplane_mode_on|bad_network_preference|bad_wifi_calling|break_app_storage_permission|data_mode_off|data_usage_exceeded|unseat_sim_card|user_abroad_roaming_enabled_off[PERSONA:Hard],telecom:[mms_issue]airplane_mode_on|bad_network_preference|bad_wifi_calling|break_app_storage_permission|data_mode_off|data_usage_exceeded|unseat_sim_card|user_abroad_roaming_enabled_off[PERSONA:Hard],0.0,0.0,0.0,0,0,0,0,0,0.0,50,3,max_steps,user_error,6,3,0.12,1.0,2,0,0,0,0,0,1
train,telecom,[mms_issue]airplane_mode_on|bad_network_preference|bad_wifi_calling|data_usage_exceeded|unseat_sim_card|user_abroad_roaming_disabled_on[PERSONA:Easy],telecom:[mms_issue]airplane_mode_on|bad_network_preference|bad_wifi_calling|data_usage_exceeded|unseat_sim_card|user_abroad_roaming_disabled_on[PERSONA:Easy],0.0,0.0,0.0,0,0,0,0,0,0.0,50,3,max_steps,user_error,11,3,0.22,1.0,2,0,0,0,0,0,1
train,telecom,[mms_issue]airplane_mode_on|bad_network_preference|break_apn_mms_setting|break_app_both_permissions|data_mode_off|data_usage_exceeded|user_abroad_roaming_enabled_off[PERSONA:None],telecom:[mms_issue]airplane_mode_on|bad_network_preference|break_apn_mms_setting|break_app_both_permissions|data_mode_off|data_usage_exceeded|user_abroad_roaming_enabled_off[PERSONA:None],0.0,0.0,0.0,0,0,0,0,0,0.0,50,21,max_steps,user_error,13,21,0.26,1.0,2,0,0,0,0,0,1
train,telecom,[mms_issue]airplane_mode_on|bad_network_preference|data_usage_exceeded[PERSONA:None],telecom:[mms_issue]airplane_mode_on|bad_network_preference|data_usage_exceeded[PERSONA:None],0.0,0.0,0.0,0,0,0,0,0,0.0,40,16,user_stop,user_stop,4,16,0.1,1.0,1,1,0,0,0,0,1
train,telecom,[mms_issue]bad_network_preference|bad_wifi_calling|break_apn_mms_setting|break_app_storage_permission|data_mode_off|data_usage_exceeded|unseat_sim_card[PERSONA:Easy],telecom:[mms_issue]bad_network_preference|bad_wifi_calling|break_apn_mms_setting|break_app_storage_permission|data_mode_off|data_usage_exceeded|unseat_sim_card[PERSONA:Easy],0.0,0.0,0.0,0,0,0,0,0,0.0,44,28,max_steps,user_stop,9,28,0.204545,1.0,3,3,0,0,0,0,1
train,telecom,[mms_issue]bad_network_preference|bad_wifi_calling|break_app_both_permissions|data_usage_exceeded|unseat_sim_card|user_abroad_roaming_disabled_off[PERSONA:None],telecom:[mms_issue]bad_network_preference|bad_wifi_calling|break_app_both_permissions|data_usage_exceeded|unseat_sim_card|user_abroad_roaming_disabled_off[PERSONA:None],0.0,0.0,0.0,0,0,0,0,0,0.0,48,7,max_steps,user_error,11,7,0.229167,1.0,6,0,0,0,0,0,1
train,telecom,[mms_issue]bad_network_preference|bad_wifi_calling|break_app_both_permissions|data_usage_exceeded|user_abroad_roaming_disabled_off[PERSONA:Hard],telecom:[mms_issue]bad_network_preference|bad_wifi_calling|break_app_both_permissions|data_usage_exceeded|user_abroad_roaming_disabled_off[PERSONA:Hard],0.0,0.0,0.0,0,0,0,0,0,0.0,50,6,max_steps,user_stop,1,6,0.02,1.0,0,1,0,0,0,0,1
train,telecom,[mms_issue]bad_network_preference|user_abroad_roaming_disabled_off[PERSONA:None],telecom:[mms_issue]bad_network_preference|user_abroad_roaming_disabled_off[PERSONA:None],0.0,0.0,0.0,0,0,0,0,0,0.0,42,11,user_error,user_error,5,11,0.119048,1.0,3,0,0,0,1,0,1
train,telecom,[mms_issue]bad_network_preference|user_abroad_roaming_disabled_on[PERSONA:None],telecom:[mms_issue]bad_network_preference|user_abroad_roaming_disabled_on[PERSONA:None],0.0,0.0,0.0,0,0,0,0,0,0.0,44,3,user_error,user_error,5,3,0.113636,1.0,3,0,0,0,0,0,1
train,telecom,[mms_issue]bad_wifi_calling|break_apn_mms_setting|data_mode_off|data_usage_exceeded|unseat_sim_card[PERSONA:None],telecom:[mms_issue]bad_wifi_calling|break_apn_mms_setting|data_mode_off|data_usage_exceeded|unseat_sim_card[PERSONA:None],0.0,0.0,0.0,0,0,0,0,0,0.0,42,19,max_steps,user_stop,10,19,0.238095,1.0,1,1,0,0,0,0,1
train,telecom,[mms_issue]break_apn_mms_setting|data_mode_off|user_abroad_roaming_disabled_on[PERSONA:Hard],telecom:[mms_issue]break_apn_mms_setting|data_mode_off|user_abroad_roaming_disabled_on[PERSONA:Hard],0.0,0.0,0.0,0,0,0,0,0,0.0,50,11,max_steps,user_error,3,11,0.06,1.0,2,0,0,0,1,0,1
train,telecom,[mms_issue]break_app_both_permissions|data_usage_exceeded[PERSONA:Hard],telecom:[mms_issue]break_app_both_permissions|data_usage_exceeded[PERSONA:Hard],0.0,0.0,0.0,0,0,0,0,0,0.0,50,5,max_steps,user_stop,1,5,0.02,1.0,0,1,0,0,0,0,1
train,telecom,[mms_issue]break_app_sms_permission|data_usage_exceeded|user_abroad_roaming_disabled_on[PERSONA:None],telecom:[mms_issue]break_app_sms_permission|data_usage_exceeded|user_abroad_roaming_disabled_on[PERSONA:None],0.0,0.0,0.0,0,0,0,0,0,0.0,42,3,user_error,user_error,6,3,0.142857,1.0,3,0,1,0,0,0,1
train,telecom,[mms_issue]break_app_storage_permission|unseat_sim_card|user_abroad_roaming_disabled_on[PERSONA:Easy],telecom:[mms_issue]break_app_storage_permission|unseat_sim_card|user_abroad_roaming_disabled_on[PERSONA:Easy],0.0,0.0,0.0,0,0,0,0,0,0.0,50,3,max_steps,user_error,5,3,0.1,1.0,4,0,0,0,1,0,1
train,telecom,[mobile_data_issue]airplane_mode_on|bad_network_preference|bad_vpn|data_mode_off|data_saver_mode_on|data_usage_exceeded|user_abroad_roaming_disabled_on[PERSONA:None],telecom:[mobile_data_issue]airplane_mode_on|bad_network_preference|bad_vpn|data_mode_off|data_saver_mode_on|data_usage_exceeded|user_abroad_roaming_disabled_on[PERSONA:None],0.0,0.0,0.0,0,0,0,0,0,0.0,50,25,max_steps,user_error,8,25,0.16,1.0,4,0,0,0,2,0,1
train,telecom,[mobile_data_issue]airplane_mode_on|bad_network_preference|bad_vpn|data_mode_off|data_usage_exceeded|user_abroad_roaming_enabled_off[PERSONA:Easy],telecom:[mobile_data_issue]airplane_mode_on|bad_network_preference|bad_vpn|data_mode_off|data_usage_exceeded|user_abroad_roaming_enabled_off[PERSONA:Easy],0.0,0.0,0.0,0,0,0,0,0,0.0,50,15,max_steps,user_error,9,15,0.18,1.0,3,0,0,0,0,0,1
train,telecom,[mobile_data_issue]airplane_mode_on|bad_network_preference|bad_vpn|data_saver_mode_on|data_usage_exceeded|user_abroad_roaming_enabled_off[PERSONA:None],telecom:[mobile_data_issue]airplane_mode_on|bad_network_preference|bad_vpn|data_saver_mode_on|data_usage_exceeded|user_abroad_roaming_enabled_off[PERSONA:None],0.0,0.0,0.0,0,0,0,0,0,0.0,50,10,max_steps,user_error,3,10,0.06,1.0,1,0,0,0,0,0,1
train,telecom,[mobile_data_issue]airplane_mode_on|bad_network_preference|bad_vpn|data_saver_mode_on|user_abroad_roaming_disabled_on[PERSONA:Easy],telecom:[mobile_data_issue]airplane_mode_on|bad_network_preference|bad_vpn|data_saver_mode_on|user_abroad_roaming_disabled_on[PERSONA:Easy],0.0,0.0,0.0,0,0,0,0,0,0.0,50,8,max_steps,user_error,6,8,0.12,1.0,2,0,0,0,1,0,1
train,telecom,[mobile_data_issue]airplane_mode_on|bad_network_preference|data_mode_off|data_saver_mode_on|data_usage_exceeded|user_abroad_roaming_disabled_on[PERSONA:None],telecom:[mobile_data_issue]airplane_mode_on|bad_network_preference|data_mode_off|data_saver_mode_on|data_usage_exceeded|user_abroad_roaming_disabled_on[PERSONA:None],0.0,0.0,0.0,0,0,0,0,0,0.0,50,3,max_steps,user_error,11,3,0.22,1.0,4,0,0,0,0,0,1
train,telecom,[mobile_data_issue]airplane_mode_on|bad_network_preference|data_mode_off|data_usage_exceeded|user_abroad_roaming_disabled_on[PERSONA:None],telecom:[mobile_data_issue]airplane_mode_on|bad_network_preference|data_mode_off|data_usage_exceeded|user_abroad_roaming_disabled_on[PERSONA:None],0.0,0.0,0.0,0,0,0,0,0,0.0,42,9,user_stop,user_error,10,9,0.238095,1.0,3,0,0,0,0,0,1
train,telecom,[mobile_data_issue]airplane_mode_on|bad_network_preference|data_mode_off|user_abroad_roaming_disabled_on[PERSONA:Hard],telecom:[mobile_data_issue]airplane_mode_on|bad_network_preference|data_mode_off|user_abroad_roaming_disabled_on[PERSONA:Hard],0.0,0.0,0.0,0,0,0,0,0,0.0,46,7,user_error,user_error,4,7,0.086957,1.0,3,0,0,0,0,0,1
train,telecom,[mobile_data_issue]airplane_mode_on|bad_network_preference|data_usage_exceeded|user_abroad_roaming_disabled_off[PERSONA:Easy],telecom:[mobile_data_issue]airplane_mode_on|bad_network_preference|data_usage_exceeded|user_abroad_roaming_disabled_off[PERSONA:Easy],0.0,0.0,0.0,0,0,0,0,0,0.0,50,4,max_steps,user_error,10,4,0.2,1.0,3,0,0,0,0,0,1
train,telecom,[mobile_data_issue]airplane_mode_on|bad_network_preference|user_abroad_roaming_enabled_off[PERSONA:Easy],telecom:[mobile_data_issue]airplane_mode_on|bad_network_preference|user_abroad_roaming_enabled_off[PERSONA:Easy],0.0,0.0,0.0,0,0,0,0,0,0.0,49,7,user_error,user_error,8,7,0.163265,1.0,4,0,0,0,2,0,1
train,telecom,[mobile_data_issue]airplane_mode_on|data_mode_off[PERSONA:None],telecom:[mobile_data_issue]airplane_mode_on|data_mode_off[PERSONA:None],0.0,1.0,1.0,0,1,0,1,0,1.0,47,9,max_steps,user_stop,6,9,0.12766,1.0,5,0,0,0,0,0,1
train,telecom,[mobile_data_issue]airplane_mode_on|user_abroad_roaming_enabled_off[PERSONA:None],telecom:[mobile_data_issue]airplane_mode_on|user_abroad_roaming_enabled_off[PERSONA:None],0.0,0.0,0.0,0,0,0,0,0,0.0,50,6,max_steps,user_error,9,6,0.18,1.0,3,0,0,0,2,0,1
train,telecom,[mobile_data_issue]bad_network_preference|bad_vpn|data_mode_off|data_saver_mode_on[PERSONA:None],telecom:[mobile_data_issue]bad_network_preference|bad_vpn|data_mode_off|data_saver_mode_on[PERSONA:None],0.0,0.0,0.0,0,0,0,0,0,0.0,50,5,max_steps,user_error,3,5,0.06,1.0,2,0,0,0,0,0,1
train,telecom,[mobile_data_issue]bad_network_preference|bad_vpn|data_usage_exceeded|user_abroad_roaming_disabled_off[PERSONA:Easy],telecom:[mobile_data_issue]bad_network_preference|bad_vpn|data_usage_exceeded|user_abroad_roaming_disabled_off[PERSONA:Easy],0.0,0.0,0.0,0,0,0,0,0,0.0,50,9,max_steps,user_error,2,9,0.04,1.0,1,0,0,0,0,0,1
train,telecom,[mobile_data_issue]bad_network_preference|bad_vpn|user_abroad_roaming_disabled_on[PERSONA:None],telecom:[mobile_data_issue]bad_network_preference|bad_vpn|user_abroad_roaming_disabled_on[PERSONA:None],0.0,0.0,0.0,0,0,0,0,0,0.0,50,8,max_steps,user_error,10,8,0.2,1.0,2,0,0,0,0,0,1
train,telecom,[mobile_data_issue]bad_network_preference|data_mode_off|data_saver_mode_on|data_usage_exceeded|user_abroad_roaming_disabled_off[PERSONA:Easy],telecom:[mobile_data_issue]bad_network_preference|data_mode_off|data_saver_mode_on|data_usage_exceeded|user_abroad_roaming_disabled_off[PERSONA:Easy],0.0,0.0,0.0,0,0,0,0,0,0.0,50,4,max_steps,user_error,1,4,0.02,1.0,0,0,0,0,0,0,1
train,telecom,[mobile_data_issue]bad_network_preference|data_saver_mode_on|data_usage_exceeded[PERSONA:Hard],telecom:[mobile_data_issue]bad_network_preference|data_saver_mode_on|data_usage_exceeded[PERSONA:Hard],0.0,0.0,0.0,0,0,0,0,0,0.0,38,3,user_stop,user_error,3,3,0.078947,1.0,1,0,0,0,0,0,1
train,telecom,[mobile_data_issue]bad_network_preference|user_abroad_roaming_enabled_off[PERSONA:Hard],telecom:[mobile_data_issue]bad_network_preference|user_abroad_roaming_enabled_off[PERSONA:Hard],0.0,0.0,0.0,0,0,0,0,0,0.0,50,3,max_steps,user_error,3,3,0.06,1.0,2,0,0,0,0,0,1
train,telecom,[mobile_data_issue]bad_vpn|data_saver_mode_on|user_abroad_roaming_disabled_on[PERSONA:None],telecom:[mobile_data_issue]bad_vpn|data_saver_mode_on|user_abroad_roaming_disabled_on[PERSONA:None],0.0,0.0,0.0,0,0,0,0,0,0.0,50,9,max_steps,user_error,5,9,0.1,1.0,2,0,0,0,0,0,1
train,telecom,[mobile_data_issue]data_mode_off|data_usage_exceeded[PERSONA:None],telecom:[mobile_data_issue]data_mode_off|data_usage_exceeded[PERSONA:None],0.0,0.0,0.0,0,0,0,0,0,0.0,46,13,max_steps,user_stop,10,13,0.217391,1.0,6,0,0,0,0,0,1
train,telecom,[mobile_data_issue]data_mode_off|data_usage_exceeded|user_abroad_roaming_disabled_off[PERSONA:Hard],telecom:[mobile_data_issue]data_mode_off|data_usage_exceeded|user_abroad_roaming_disabled_off[PERSONA:Hard],0.0,0.0,0.0,0,0,0,0,0,0.0,50,8,max_steps,user_error,5,8,0.1,1.0,3,0,0,0,0,0,1
train,telecom,[mobile_data_issue]data_saver_mode_on|data_usage_exceeded[PERSONA:Easy],telecom:[mobile_data_issue]data_saver_mode_on|data_usage_exceeded[PERSONA:Easy],0.0,0.0,0.0,0,0,0,0,0,0.0,47,6,user_stop,user_error,11,6,0.234043,1.0,1,0,0,0,0,0,1
train,telecom,[mobile_data_issue]data_usage_exceeded|user_abroad_roaming_enabled_off[PERSONA:Easy],telecom:[mobile_data_issue]data_usage_exceeded|user_abroad_roaming_enabled_off[PERSONA:Easy],0.0,0.0,0.0,0,0,0,0,0,0.0,45,7,user_error,user_error,7,7,0.155556,1.0,4,0,0,0,1,0,1
train,telecom,[service_issue]airplane_mode_on|break_apn_settings[PERSONA:Hard],telecom:[service_issue]airplane_mode_on|break_apn_settings[PERSONA:Hard],0.0,1.0,1.0,0,1,0,1,0,1.0,49,21,user_error,user_stop,8,21,0.163265,1.0,1,0,0,0,1,0,1
train,telecom,[service_issue]airplane_mode_on|break_apn_settings|lock_sim_card_pin[PERSONA:None],telecom:[service_issue]airplane_mode_on|break_apn_settings|lock_sim_card_pin[PERSONA:None],0.0,0.0,0.0,0,0,0,0,0,0.0,45,4,user_error,user_error,4,4,0.088889,1.0,2,0,0,0,2,0,1
train,telecom,[service_issue]airplane_mode_on|break_apn_settings|lock_sim_card_pin|overdue_bill_suspension|unseat_sim_card[PERSONA:None],telecom:[service_issue]airplane_mode_on|break_apn_settings|lock_sim_card_pin|overdue_bill_suspension|unseat_sim_card[PERSONA:None],0.0,0.0,0.0,0,0,0,0,0,0.0,36,7,user_error,user_error,4,7,0.111111,1.0,2,0,0,0,0,0,1
train,telecom,[service_issue]airplane_mode_on|break_apn_settings|unseat_sim_card[PERSONA:None],telecom:[service_issue]airplane_mode_on|break_apn_settings|unseat_sim_card[PERSONA:None],0.0,0.0,0.0,0,0,0,0,0,0.0,46,6,user_stop,user_error,5,6,0.108696,1.0,4,0,0,0,2,0,1
train,telecom,[service_issue]airplane_mode_on|overdue_bill_suspension|unseat_sim_card[PERSONA:Easy],telecom:[service_issue]airplane_mode_on|overdue_bill_suspension|unseat_sim_card[PERSONA:Easy],0.0,0.0,0.0,0,0,0,0,0,0.0,50,4,max_steps,user_error,6,4,0.12,1.0,3,0,0,0,3,0,1
train,telecom,[service_issue]airplane_mode_on|unseat_sim_card[PERSONA:None],telecom:[service_issue]airplane_mode_on|unseat_sim_card[PERSONA:None],1.0,0.0,-1.0,1,0,1,0,0,1.0,44,5,user_stop,user_error,6,5,0.136364,1.0,4,0,0,0,0,0,1
train,telecom,[service_issue]break_apn_settings|lock_sim_card_pin|overdue_bill_suspension|unseat_sim_card[PERSONA:Easy],telecom:[service_issue]break_apn_settings|lock_sim_card_pin|overdue_bill_suspension|unseat_sim_card[PERSONA:Easy],0.0,0.0,0.0,0,0,0,0,0,0.0,50,5,max_steps,user_error,3,5,0.06,1.0,2,0,0,0,1,0,1
train,telecom,[service_issue]break_apn_settings|overdue_bill_suspension|unseat_sim_card[PERSONA:Hard],telecom:[service_issue]break_apn_settings|overdue_bill_suspension|unseat_sim_card[PERSONA:Hard],0.0,0.0,0.0,0,0,0,0,0,0.0,45,4,max_steps,user_error,9,4,0.2,1.0,8,0,6,0,0,0,1
train,telecom,[service_issue]contract_end_suspension|lock_sim_card_pin[PERSONA:Hard],telecom:[service_issue]contract_end_suspension|lock_sim_card_pin[PERSONA:Hard],0.0,0.0,0.0,0,0,0,0,0,0.0,50,4,max_steps,user_error,1,4,0.02,1.0,0,0,0,0,0,0,1
train,telecom,[service_issue]lock_sim_card_pin|overdue_bill_suspension[PERSONA:Easy],telecom:[service_issue]lock_sim_card_pin|overdue_bill_suspension[PERSONA:Easy],0.0,0.0,0.0,0,0,0,0,0,0.0,44,5,user_stop,user_stop,5,5,0.113636,1.0,3,0,0,0,0,0,1
dev,airline,0,airline:0,1.0,1.0,0.0,1,1,0,0,1,1.0,12,10,user_stop,user_stop,9,10,0.75,1.0,2,0,0,0,0,0,1
dev,airline,11,airline:11,0.0,0.0,0.0,0,0,0,0,0,0.0,12,9,user_stop,user_stop,12,9,1.0,1.0,1,0,0,0,0,0,1
dev,airline,28,airline:28,1.0,1.0,0.0,1,1,0,0,1,1.0,11,6,user_stop,user_stop,6,6,0.545455,1.0,1,0,0,0,0,0,1
dev,airline,3,airline:3,1.0,0.0,-1.0,1,0,1,0,0,1.0,5,8,user_stop,user_stop,5,8,1.0,1.0,0,0,0,0,0,0,1
dev,airline,34,airline:34,1.0,1.0,0.0,1,1,0,0,1,1.0,12,13,user_stop,user_stop,10,13,0.833333,1.0,4,0,0,0,0,0,1
dev,airline,39,airline:39,0.0,0.0,0.0,0,0,0,0,0,0.0,48,8,user_stop,user_stop,13,8,0.270833,1.0,1,0,0,0,0,0,1
dev,airline,41,airline:41,1.0,1.0,0.0,1,1,0,0,1,1.0,19,6,user_stop,user_stop,7,6,0.368421,1.0,2,0,0,0,0,0,1
dev,airline,42,airline:42,0.0,0.0,0.0,0,0,0,0,0,0.0,9,5,user_stop,user_stop,8,5,0.888889,1.0,3,0,0,0,0,0,1
dev,airline,9,airline:9,0.0,0.0,0.0,0,0,0,0,0,0.0,26,49,user_stop,user_stop,22,49,0.846154,1.0,4,0,0,0,0,0,1
dev,retail,1,retail:1,0.0,0.0,0.0,0,0,0,0,0,0.0,50,13,max_steps,user_stop,1,13,0.02,1.0,0,3,0,0,0,0,1
dev,retail,104,retail:104,0.0,0.0,0.0,0,0,0,0,0,0.0,18,16,user_stop,user_stop,11,16,0.611111,1.0,2,1,0,0,0,0,1
dev,retail,112,retail:112,0.0,0.0,0.0,0,0,0,0,0,0.0,14,15,user_stop,user_stop,14,15,1.0,1.0,2,1,0,0,0,0,1
dev,retail,16,retail:16,0.0,0.0,0.0,0,0,0,0,0,0.0,45,9,user_stop,user_stop,16,9,0.355556,1.0,1,1,0,0,2,0,1
dev,retail,19,retail:19,0.0,0.0,0.0,0,0,0,0,0,0.0,7,13,user_stop,user_stop,6,13,0.857143,1.0,1,1,0,0,0,0,1
dev,retail,2,retail:2,0.0,0.0,0.0,0,0,0,0,0,0.0,32,19,user_stop,user_stop,6,19,0.1875,1.0,0,1,0,0,0,0,1
dev,retail,22,retail:22,0.0,0.0,0.0,0,0,0,0,0,0.0,29,12,user_stop,user_stop,5,12,0.172414,1.0,0,1,0,0,0,0,1
dev,retail,28,retail:28,0.0,0.0,0.0,0,0,0,0,0,0.0,41,9,user_stop,user_stop,11,9,0.268293,1.0,2,1,0,0,0,0,1
dev,retail,30,retail:30,0.0,0.0,0.0,0,0,0,0,0,0.0,48,22,user_stop,user_stop,16,22,0.333333,1.0,0,1,0,0,0,0,1
dev,retail,34,retail:34,0.0,0.0,0.0,0,0,0,0,0,0.0,50,14,max_steps,user_stop,1,14,0.02,1.0,0,1,0,0,0,0,1
dev,retail,43,retail:43,0.0,0.0,0.0,0,0,0,0,0,0.0,50,32,max_steps,user_stop,6,32,0.12,1.0,1,10,0,0,0,0,1
dev,retail,48,retail:48,0.0,0.0,0.0,0,0,0,0,0,0.0,27,17,user_stop,user_stop,7,17,0.259259,1.0,0,8,0,0,0,0,1
dev,retail,52,retail:52,0.0,0.0,0.0,0,0,0,0,0,0.0,35,14,user_stop,user_stop,9,14,0.257143,1.0,1,1,0,0,1,0,1
dev,retail,6,retail:6,0.0,0.0,0.0,0,0,0,0,0,0.0,39,15,user_stop,user_stop,16,15,0.410256,1.0,1,1,0,0,1,0,1
dev,retail,67,retail:67,0.0,0.0,0.0,0,0,0,0,0,0.0,12,8,user_stop,user_stop,12,8,1.0,1.0,4,2,0,0,0,0,1
dev,retail,7,retail:7,0.0,0.0,0.0,0,0,0,0,0,0.0,31,12,user_stop,user_stop,9,12,0.290323,1.0,0,1,0,0,1,0,1
dev,retail,76,retail:76,0.0,0.0,0.0,0,0,0,0,0,0.0,29,13,user_stop,user_stop,5,13,0.172414,1.0,2,5,0,0,1,0,1
dev,retail,84,retail:84,0.0,0.0,0.0,0,0,0,0,0,0.0,12,10,user_stop,user_stop,12,10,1.0,1.0,1,1,0,0,0,0,1
dev,retail,88,retail:88,0.0,0.0,0.0,0,0,0,0,0,0.0,21,10,user_stop,user_stop,21,10,1.0,1.0,0,0,0,0,0,0,1
dev,retail,95,retail:95,0.0,0.0,0.0,0,0,0,0,0,0.0,49,17,user_stop,user_stop,5,17,0.102041,1.0,1,1,0,0,0,0,1
dev,retail,98,retail:98,0.0,0.0,0.0,0,0,0,0,0,0.0,11,16,user_stop,user_stop,10,16,0.909091,1.0,2,1,0,0,0,0,1
dev,retail,99,retail:99,0.0,0.0,0.0,0,0,0,0,0,0.0,50,15,max_steps,user_stop,9,15,0.18,1.0,0,4,0,0,0,0,1
dev,telecom,[mms_issue]airplane_mode_on|bad_network_preference|bad_wifi_calling|break_apn_mms_setting|break_app_storage_permission|data_usage_exceeded|unseat_sim_card|user_abroad_roaming_disabled_off[PERSONA:Easy],telecom:[mms_issue]airplane_mode_on|bad_network_preference|bad_wifi_calling|break_apn_mms_setting|break_app_storage_permission|data_usage_exceeded|unseat_sim_card|user_abroad_roaming_disabled_off[PERSONA:Easy],0.0,0.0,0.0,0,0,0,0,0,0.0,50,3,max_steps,user_error,15,3,0.3,1.0,1,0,0,0,0,0,1
dev,telecom,[mms_issue]airplane_mode_on|bad_network_preference|bad_wifi_calling|break_app_storage_permission|unseat_sim_card[PERSONA:Hard],telecom:[mms_issue]airplane_mode_on|bad_network_preference|bad_wifi_calling|break_app_storage_permission|unseat_sim_card[PERSONA:Hard],0.0,0.0,0.0,0,0,0,0,0,0.0,46,18,user_stop,user_error,5,18,0.108696,1.0,1,0,0,0,0,0,1
dev,telecom,[mms_issue]airplane_mode_on|bad_network_preference|break_apn_mms_setting|break_app_storage_permission[PERSONA:None],telecom:[mms_issue]airplane_mode_on|bad_network_preference|break_apn_mms_setting|break_app_storage_permission[PERSONA:None],0.0,0.0,0.0,0,0,0,0,0,0.0,48,11,max_steps,user_error,4,11,0.083333,1.0,3,0,0,0,0,0,1
dev,telecom,[mms_issue]airplane_mode_on|bad_network_preference|break_apn_mms_setting|data_mode_off|unseat_sim_card|user_abroad_roaming_disabled_off[PERSONA:Easy],telecom:[mms_issue]airplane_mode_on|bad_network_preference|break_apn_mms_setting|data_mode_off|unseat_sim_card|user_abroad_roaming_disabled_off[PERSONA:Easy],0.0,0.0,0.0,0,0,0,0,0,0.0,46,3,max_steps,user_error,9,3,0.195652,1.0,6,0,0,0,1,0,1
dev,telecom,[mms_issue]airplane_mode_on|bad_network_preference|break_apn_mms_setting|data_usage_exceeded[PERSONA:Hard],telecom:[mms_issue]airplane_mode_on|bad_network_preference|break_apn_mms_setting|data_usage_exceeded[PERSONA:Hard],0.0,0.0,0.0,0,0,0,0,0,0.0,50,5,max_steps,user_stop,3,5,0.06,1.0,1,1,0,0,0,0,1
dev,telecom,[mms_issue]bad_network_preference|bad_wifi_calling|break_app_sms_permission|data_mode_off|unseat_sim_card|user_abroad_roaming_enabled_off[PERSONA:Hard],telecom:[mms_issue]bad_network_preference|bad_wifi_calling|break_app_sms_permission|data_mode_off|unseat_sim_card|user_abroad_roaming_enabled_off[PERSONA:Hard],0.0,0.0,0.0,0,0,0,0,0,0.0,50,3,max_steps,user_error,9,3,0.18,1.0,0,0,0,0,0,0,1
dev,telecom,[mms_issue]bad_network_preference|break_app_sms_permission|data_mode_off|data_usage_exceeded|user_abroad_roaming_enabled_off[PERSONA:None],telecom:[mms_issue]bad_network_preference|break_app_sms_permission|data_mode_off|data_usage_exceeded|user_abroad_roaming_enabled_off[PERSONA:None],0.0,0.0,0.0,0,0,0,0,0,0.0,34,8,user_error,user_error,4,8,0.117647,1.0,2,0,0,0,0,0,1
dev,telecom,[mms_issue]bad_wifi_calling|break_apn_mms_setting|break_app_sms_permission|data_usage_exceeded[PERSONA:Hard],telecom:[mms_issue]bad_wifi_calling|break_apn_mms_setting|break_app_sms_permission|data_usage_exceeded[PERSONA:Hard],0.0,0.0,0.0,0,0,0,0,0,0.0,47,6,user_error,user_error,6,6,0.12766,1.0,5,0,0,0,0,0,1
dev,telecom,[mms_issue]bad_wifi_calling|break_apn_mms_setting|unseat_sim_card|user_abroad_roaming_enabled_off[PERSONA:Easy],telecom:[mms_issue]bad_wifi_calling|break_apn_mms_setting|unseat_sim_card|user_abroad_roaming_enabled_off[PERSONA:Easy],0.0,1.0,1.0,0,1,0,1,0,1.0,50,23,max_steps,user_stop,4,23,0.08,1.0,2,1,0,0,0,0,1
dev,telecom,[mms_issue]bad_wifi_calling|data_mode_off|data_usage_exceeded[PERSONA:Easy],telecom:[mms_issue]bad_wifi_calling|data_mode_off|data_usage_exceeded[PERSONA:Easy],0.0,0.0,0.0,0,0,0,0,0,0.0,48,5,max_steps,user_error,4,5,0.083333,1.0,3,0,0,0,0,0,1
dev,telecom,[mms_issue]break_apn_mms_setting|data_mode_off|data_usage_exceeded|user_abroad_roaming_disabled_on[PERSONA:Hard],telecom:[mms_issue]break_apn_mms_setting|data_mode_off|data_usage_exceeded|user_abroad_roaming_disabled_on[PERSONA:Hard],0.0,0.0,0.0,0,0,0,0,0,0.0,50,15,max_steps,user_error,10,15,0.2,1.0,3,0,0,0,2,0,1
dev,telecom,[mms_issue]break_app_both_permissions|unseat_sim_card|user_abroad_roaming_disabled_on[PERSONA:Hard],telecom:[mms_issue]break_app_both_permissions|unseat_sim_card|user_abroad_roaming_disabled_on[PERSONA:Hard],0.0,0.0,0.0,0,0,0,0,0,0.0,50,5,max_steps,user_error,1,5,0.02,1.0,0,0,0,0,0,0,1
dev,telecom,[mms_issue]break_app_storage_permission|data_usage_exceeded[PERSONA:Easy],telecom:[mms_issue]break_app_storage_permission|data_usage_exceeded[PERSONA:Easy],0.0,0.0,0.0,0,0,0,0,0,0.0,45,17,max_steps,user_stop,7,17,0.155556,1.0,6,3,0,0,0,0,1
dev,telecom,[mobile_data_issue]airplane_mode_on|bad_network_preference[PERSONA:Hard],telecom:[mobile_data_issue]airplane_mode_on|bad_network_preference[PERSONA:Hard],0.0,0.0,0.0,0,0,0,0,0,0.0,50,10,max_steps,user_error,3,10,0.06,1.0,2,0,0,0,3,0,1
dev,telecom,[mobile_data_issue]airplane_mode_on|bad_network_preference|bad_vpn|data_mode_off|data_saver_mode_on|data_usage_exceeded|user_abroad_roaming_disabled_off[PERSONA:Hard],telecom:[mobile_data_issue]airplane_mode_on|bad_network_preference|bad_vpn|data_mode_off|data_saver_mode_on|data_usage_exceeded|user_abroad_roaming_disabled_off[PERSONA:Hard],0.0,0.0,0.0,0,0,0,0,0,0.0,50,9,max_steps,user_error,1,9,0.02,1.0,0,0,0,0,0,0,1
dev,telecom,[mobile_data_issue]airplane_mode_on|bad_network_preference|bad_vpn|data_mode_off|data_saver_mode_on|user_abroad_roaming_disabled_off[PERSONA:Hard],telecom:[mobile_data_issue]airplane_mode_on|bad_network_preference|bad_vpn|data_mode_off|data_saver_mode_on|user_abroad_roaming_disabled_off[PERSONA:Hard],0.0,0.0,0.0,0,0,0,0,0,0.0,49,5,max_steps,user_error,9,5,0.183673,1.0,5,0,0,0,1,0,1
dev,telecom,[mobile_data_issue]airplane_mode_on|bad_network_preference|data_saver_mode_on|data_usage_exceeded|user_abroad_roaming_disabled_off[PERSONA:None],telecom:[mobile_data_issue]airplane_mode_on|bad_network_preference|data_saver_mode_on|data_usage_exceeded|user_abroad_roaming_disabled_off[PERSONA:None],0.0,0.0,0.0,0,0,0,0,0,0.0,50,29,max_steps,user_stop,11,29,0.22,1.0,4,0,0,0,0,0,1
dev,telecom,[mobile_data_issue]bad_network_preference|bad_vpn|user_abroad_roaming_enabled_off[PERSONA:Easy],telecom:[mobile_data_issue]bad_network_preference|bad_vpn|user_abroad_roaming_enabled_off[PERSONA:Easy],0.0,0.0,0.0,0,0,0,0,0,0.0,50,7,max_steps,user_error,8,7,0.16,1.0,2,0,0,0,1,0,1
dev,telecom,[service_issue]airplane_mode_on|break_apn_settings|contract_end_suspension|unseat_sim_card[PERSONA:Easy],telecom:[service_issue]airplane_mode_on|break_apn_settings|contract_end_suspension|unseat_sim_card[PERSONA:Easy],0.0,0.0,0.0,0,0,0,0,0,0.0,50,4,max_steps,user_error,11,4,0.22,1.0,3,0,0,0,0,0,1
dev,telecom,[service_issue]airplane_mode_on|break_apn_settings|overdue_bill_suspension|unseat_sim_card[PERSONA:None],telecom:[service_issue]airplane_mode_on|break_apn_settings|overdue_bill_suspension|unseat_sim_card[PERSONA:None],0.0,0.0,0.0,0,0,0,0,0,0.0,43,23,user_error,user_stop,4,23,0.093023,1.0,2,0,0,0,0,0,1
dev,telecom,[service_issue]airplane_mode_on|lock_sim_card_pin|overdue_bill_suspension|unseat_sim_card[PERSONA:Easy],telecom:[service_issue]airplane_mode_on|lock_sim_card_pin|overdue_bill_suspension|unseat_sim_card[PERSONA:Easy],0.0,0.0,0.0,0,0,0,0,0,0.0,50,3,max_steps,user_error,3,3,0.06,1.0,1,0,0,0,0,0,1
dev,telecom,[service_issue]airplane_mode_on|lock_sim_card_pin|unseat_sim_card[PERSONA:Hard],telecom:[service_issue]airplane_mode_on|lock_sim_card_pin|unseat_sim_card[PERSONA:Hard],0.0,0.0,0.0,0,0,0,0,0,0.0,45,20,max_steps,user_stop,9,20,0.2,1.0,8,0,4,0,2,0,1
