task_id,task_index,hardness,query,reward_edge,reward_cloud,success_edge,success_cloud
course_teach-List the names of teachers who have not been arranged to teach courses.,701,hard,List the names of teachers who have not been arranged to teach courses.,1.0,1.0,True,True
world_1-How many people live in countries that do not speak English?,992,extra,How many people live in countries that do not speak English?,1.0,0.0,True,False
pets_1-Find the last name of the student who has a cat that is age 3.,364,hard,Find the last name of the student who has a cat that is age 3.,1.0,1.0,True,True
dog_kennels-Find the number of owners who do not own any dogs at this moment.,870,extra,Find the number of owners who do not own any dogs at this moment.,1.0,1.0,True,True
"student_transcripts_tracking-Show the date of the transcript which shows the least number of results, also list the id.",964,extra,"Show the date of the transcript which shows the least number of results, also list the id.",0.0,1.0,False,True
world_1-Which regions speak Dutch or English?,1013,hard,Which regions speak Dutch or English?,1.0,1.0,True,True
wta_1-What are the country code and first name of the players who won in both tourney WTA Championships and Australian Open?,698,extra,What are the country code and first name of the players who won in both tourney WTA Championships and Australian Open?,1.0,1.0,True,True
cre_Doc_Template_Mgt-Return the type code of the template type that the most templates belong to.,882,hard,Return the type code of the template type that the most templates belong to.,1.0,1.0,True,True
world_1-Find the number of cities in each district whose population is greater than the average population of cities?,542,extra,Find the number of cities in each district whose population is greater than the average population of cities?,0.0,0.0,False,False
student_transcripts_tracking-What is the program id and the summary of the degree that has the most students enrolled?,833,extra,What is the program id and the summary of the degree that has the most students enrolled?,1.0,1.0,True,True
tvshow-What is the series name and country of all TV channels that are playing cartoons directed by Ben Jones and cartoons directed by Michael Chang?,874,extra,What is the series name and country of all TV channels that are playing cartoons directed by Ben Jones and cartoons directed by Michael Chang?,0.17,0.17,False,False
museum_visit-Find the number of visitors who did not visit any museum opened after 2010.,611,extra,Find the number of visitors who did not visit any museum opened after 2010.,1.0,1.0,True,True
poker_player-List the names of people that are not poker players.,923,hard,List the names of people that are not poker players.,1.0,1.0,True,True
cre_Doc_Template_Mgt-What are the ids for templates that are not used in any documents?,1021,hard,What are the ids for templates that are not used in any documents?,1.0,1.0,True,True
student_transcripts_tracking-Find the kind of program which most number of students are enrolled in?,980,extra,Find the kind of program which most number of students are enrolled in?,1.0,1.0,True,True
dog_kennels-Which owner has paid the largest amount of money in total for their dogs? Show the owner id and zip code.,465,extra,Which owner has paid the largest amount of money in total for their dogs? Show the owner id and zip code.,1.0,1.0,True,True
wta_1-List the names of all winners who played in both 2013 and 2016.,382,hard,List the names of all winners who played in both 2013 and 2016.,1.0,1.0,True,True
wta_1-What is the name of the winner with the most rank points who participated in the Australian Open tournament?,94,hard,What is the name of the winner with the most rank points who participated in the Australian Open tournament?,1.0,0.0,True,False
pets_1-Find the id of students who do not have a cat pet.,612,hard,Find the id of students who do not have a cat pet.,1.0,1.0,True,True
course_teach-What is the most commmon hometowns for teachers?,790,hard,What is the most commmon hometowns for teachers?,0.0,0.0,False,False
car_1-Which models are lighter than 3500 but not built by the 'Ford Motor Company'?,881,extra,Which models are lighter than 3500 but not built by the 'Ford Motor Company'?,0.0,0.0,False,False
poker_player-Return the birth date of the poker player with the lowest earnings.,320,hard,Return the birth date of the poker player with the lowest earnings.,1.0,1.0,True,True
student_transcripts_tracking-Which semesters do not have any student enrolled? List the semester name.,672,hard,Which semesters do not have any student enrolled? List the semester name.,1.0,1.0,True,True
world_1-Which Asian countries have a population that is larger than any country in Africa?,927,extra,Which Asian countries have a population that is larger than any country in Africa?,1.0,1.0,True,True
world_1-What are the countries that have greater surface area than any country in Europe?,805,hard,What are the countries that have greater surface area than any country in Europe?,0.0,0.0,False,False
tvshow-What are the countries that are not playing cartoons written by Todd Casey?,876,hard,What are the countries that are not playing cartoons written by Todd Casey?,0.33,1.0,False,True
world_1-What is the most populace city that speaks English?,221,extra,What is the most populace city that speaks English?,0.0,0.0,False,False
student_transcripts_tracking-What is the name of the semester with no students enrolled?,598,hard,What is the name of the semester with no students enrolled?,1.0,1.0,True,True
concert_singer-Show names for all stadiums except for stadiums having a concert in year 2014.,806,hard,Show names for all stadiums except for stadiums having a concert in year 2014.,1.0,1.0,True,True
car_1-How many cars have a larger accelerate than the car with the largest horsepower?,829,hard,How many cars have a larger accelerate than the car with the largest horsepower?,0.0,1.0,False,True
museum_visit-What is the name of the visitor who visited both a museum opened before 2009 and a museum opened after 2011?,508,extra,What is the name of the visitor who visited both a museum opened before 2009 and a museum opened after 2011?,0.33,1.0,False,True
world_1-What language is predominantly spoken in Aruba?,286,extra,What language is predominantly spoken in Aruba?,1.0,1.0,True,True
network_1-Show name of all students who have some friends and also are liked by someone else.,971,hard,Show name of all students who have some friends and also are liked by someone else.,1.0,1.0,True,True
"wta_1-What is the first name, country code, and birth date of the player with the most winner rank points across all matches?",688,hard,"What is the first name, country code, and birth date of the player with the most winner rank points across all matches?",1.0,1.0,True,True
dog_kennels-How many dogs have an age below the average?,879,hard,How many dogs have an age below the average?,1.0,1.0,True,True
tvshow-Find the series name and country of the tv channel that is playing some cartoons directed by Ben Jones and Michael Chang?,891,extra,Find the series name and country of the tv channel that is playing some cartoons directed by Ben Jones and Michael Chang?,0.25,0.0,False,False
dog_kennels-Tell me the owner id and last name of the owner who spent the most on treatments of his or her dogs.,151,extra,Tell me the owner id and last name of the owner who spent the most on treatments of his or her dogs.,0.0,0.0,False,False
network_1-What is the name of the high schooler who has the greatest number of likes?,520,extra,What is the name of the high schooler who has the greatest number of likes?,1.0,1.0,True,True
"car_1-For the cars with 4 cylinders, which model has the largest horsepower?",399,extra,"For the cars with 4 cylinders, which model has the largest horsepower?",0.0,0.0,False,False
flight_2-Give the code of the airport with the least flights.,349,extra,Give the code of the airport with the least flights.,0.0,0.0,False,False
"world_1-Find the name, population and expected life length of asian country with the largest area?",591,hard,"Find the name, population and expected life length of asian country with the largest area?",1.0,1.0,True,True
concert_singer-What is the year that had the most concerts?,738,hard,What is the year that had the most concerts?,1.0,1.0,True,True
student_transcripts_tracking-What is the name and id of the department with the most number of degrees ?,367,extra,What is the name and id of the department with the most number of degrees ?,1.0,1.0,True,True
car_1-Find the make and production time of the cars that were produced in the earliest year?,227,extra,Find the make and production time of the cars that were produced in the earliest year?,0.0,0.0,False,False
orchestra-What are the record companies that are used by both orchestras founded before 2003 and those founded after 2003?,502,hard,What are the record companies that are used by both orchestras founded before 2003 and those founded after 2003?,1.0,1.0,True,True
world_1-What are the regions that use English or Dutch?,209,hard,What are the regions that use English or Dutch?,1.0,1.0,True,True
pets_1-How many dog pets are raised by female students?,116,hard,How many dog pets are raised by female students?,1.0,1.0,True,True
poker_player-Return the money rank of the poker player with the greatest height.,334,hard,Return the money rank of the poker player with the greatest height.,1.0,1.0,True,True
flight_2-Which city is the most frequent source airport?,144,extra,Which city is the most frequent source airport?,1.0,1.0,True,True
dog_kennels-What are the first name and last name of the professionals who have done treatment with cost below average?,295,extra,What are the first name and last name of the professionals who have done treatment with cost below average?,0.33,0.33,False,False
cre_Doc_Template_Mgt-Return the id and name of the document with the most paragraphs.,991,extra,Return the id and name of the document with the most paragraphs.,1.0,1.0,True,True
dog_kennels-Count the number of dogs of an age below the average.,414,hard,Count the number of dogs of an age below the average.,1.0,1.0,True,True
museum_visit-What is the name of the museum that had no visitor yet?,97,hard,What is the name of the museum that had no visitor yet?,1.0,1.0,True,True
world_1-Give the language that is spoken in the most countries.,183,hard,Give the language that is spoken in the most countries.,1.0,1.0,True,True
world_1-Which language is spoken by the largest number of countries?,112,hard,Which language is spoken by the largest number of countries?,1.0,1.0,True,True
car_1-What are the different models created by either the car maker General Motors or weighed more than 3500?,960,extra,What are the different models created by either the car maker General Motors or weighed more than 3500?,0.0,0.0,False,False
pets_1-Find the major and age of students who do not have a cat pet.,396,extra,Find the major and age of students who do not have a cat pet.,0.64,1.0,False,True
car_1-What is the maker of the carr produced in the earliest year and what year was it?,779,extra,What is the maker of the carr produced in the earliest year and what year was it?,0.0,0.0,False,False
wta_1-What is the first name and country code of the player with the most tours?,787,hard,What is the first name and country code of the player with the most tours?,1.0,1.0,True,True
network_1-Return the names of friends of the high school student Kyle.,167,hard,Return the names of friends of the high school student Kyle.,1.0,1.0,True,True
car_1-What is the name of the different car makers who produced a car in 1970?,792,extra,What is the name of the different car makers who produced a car in 1970?,1.0,0.0,True,False
network_1-Show the names of students who have a grade higher than 5 and have at least 2 friends.,913,hard,Show the names of students who have a grade higher than 5 and have at least 2 friends.,1.0,1.0,True,True
wta_1-What are the first names and country codes for players who won both the WTA Championships and the Australian Open?,671,extra,What are the first names and country codes for players who won both the WTA Championships and the Australian Open?,1.0,1.0,True,True
orchestra-Show the name of the conductor that has conducted the most number of orchestras.,842,extra,Show the name of the conductor that has conducted the most number of orchestras.,1.0,1.0,True,True
orchestra-Show the record companies shared by orchestras founded before 2003 and after 2003.,309,hard,Show the record companies shared by orchestras founded before 2003 and after 2003.,1.0,1.0,True,True
dog_kennels-Which professionals have operated a treatment that costs less than the average? Give me theor first names and last names.,888,extra,Which professionals have operated a treatment that costs less than the average? Give me theor first names and last names.,0.33,0.33,False,False
dog_kennels-Which first names are used for professionals or owners but are not used as dog names?,822,hard,Which first names are used for professionals or owners but are not used as dog names?,1.0,1.0,True,True
"car_1-Among the cars that do not have the minimum horsepower , what are the make ids and names of all those with less than 4 cylinders ?",559,extra,"Among the cars that do not have the minimum horsepower , what are the make ids and names of all those with less than 4 cylinders ?",1.0,1.0,True,True
car_1-Find the model of the car whose weight is below the average weight.,211,extra,Find the model of the car whose weight is below the average weight.,1.0,0.12,True,False
flight_2-What is the abbreviation of the airilne has the fewest flights and what country is it in?,301,extra,What is the abbreviation of the airilne has the fewest flights and what country is it in?,0.0,0.0,False,False
car_1-What is the car model with the highest mpg ?,685,hard,What is the car model with the highest mpg ?,0.0,0.0,False,False
course_teach-What are the names of the teachers and the courses they teach in ascending alphabetical order by the name of the teacher?,422,hard,What are the names of the teachers and the courses they teach in ascending alphabetical order by the name of the teacher?,1.0,1.0,True,True
orchestra-List the names of orchestras that have no performance.,434,hard,List the names of orchestras that have no performance.,1.0,1.0,True,True
concert_singer-List all song names by singers above the average age.,267,hard,List all song names by singers above the average age.,1.0,1.0,True,True
employee_hire_evaluation-find the name of employee who was awarded the most times in the evaluation.,786,extra,find the name of employee who was awarded the most times in the evaluation.,1.0,1.0,True,True
museum_visit-find the names of museums which have more staff than the minimum staff number of all museums opened after 2010.,481,hard,find the names of museums which have more staff than the minimum staff number of all museums opened after 2010.,1.0,1.0,True,True
concert_singer-Which year has most number of concerts?,406,hard,Which year has most number of concerts?,1.0,1.0,True,True
network_1-What is the average grade of students who have friends?,169,hard,What is the average grade of students who have friends?,1.0,0.0,True,False
student_transcripts_tracking-Which department offers the most number of degrees? List department name and id.,469,extra,Which department offers the most number of degrees? List department name and id.,1.0,1.0,True,True
employee_hire_evaluation-What is the name of the shop that is hiring the largest number of employees?,201,extra,What is the name of the shop that is hiring the largest number of employees?,1.0,1.0,True,True
student_transcripts_tracking-What is the name of the course with the most students enrolled?,569,extra,What is the name of the course with the most students enrolled?,0.0,1.0,False,True
world_1-What are the names of nations speak both English and French?,907,extra,What are the names of nations speak both English and French?,1.0,1.0,True,True
battle_death-What are the ids and names of the battles that led to more than 10 people killed in total.,365,hard,What are the ids and names of the battles that led to more than 10 people killed in total.,0.2,1.0,False,True
car_1-Which are the car makers which produce at least 2 models and more than 3 car makers ? List the id and the maker .,545,extra,Which are the car makers which produce at least 2 models and more than 3 car makers ? List the id and the maker .,0.0,0.86,False,False
pets_1-What is the average age for all students who do not own any pets ?,441,extra,What is the average age for all students who do not own any pets ?,1.0,1.0,True,True
voter_1-List the area codes in which voters voted both for the contestant 'Tabatha Gehling' and the contestant 'Kelly Clauss'.,476,extra,List the area codes in which voters voted both for the contestant 'Tabatha Gehling' and the contestant 'Kelly Clauss'.,1.0,1.0,True,True
wta_1-What are the names of players who won in both 2013 and 2016?,359,hard,What are the names of players who won in both 2013 and 2016?,1.0,1.0,True,True
concert_singer-What are the names of all stadiums that did not have a concert in 2014?,483,hard,What are the names of all stadiums that did not have a concert in 2014?,1.0,1.0,True,True
world_1-What is the total number of people living in the nations that do not use English?,708,extra,What is the total number of people living in the nations that do not use English?,0.0,0.0,False,False
cre_Doc_Template_Mgt-Which template type code has most number of templates?,769,hard,Which template type code has most number of templates?,1.0,1.0,True,True
flight_2-Count the number of United Airlines flights that arrive in Aberdeen.,411,hard,Count the number of United Airlines flights that arrive in Aberdeen.,1.0,1.0,True,True
flight_2-How many United Airlines flights go to City 'Aberdeen'?,456,hard,How many United Airlines flights go to City 'Aberdeen'?,1.0,1.0,True,True
concert_singer-What are the names of the stadiums without any concerts?,620,hard,What are the names of the stadiums without any concerts?,1.0,1.0,True,True
flight_2-Which city has most number of arriving flights?,163,extra,Which city has most number of arriving flights?,1.0,0.0,True,False
car_1-What are the names of all European countries with at least 3 manufacturers?,332,extra,What are the names of all European countries with at least 3 manufacturers?,0.0,0.0,False,False
car_1-Which model of the car has the minimum horsepower?,959,hard,Which model of the car has the minimum horsepower?,0.0,0.0,False,False
flight_2-What is the airport code of the airport with the most flights?,285,extra,What is the airport code of the airport with the most flights?,0.0,1.0,False,True
car_1-What model has the most different versions?,514,hard,What model has the most different versions?,1.0,1.0,True,True
flight_2-Which city has most number of departing flights?,695,extra,Which city has most number of departing flights?,0.0,0.0,False,False
concert_singer-Show the stadium name and capacity with most number of concerts in year 2014 or after.,763,extra,Show the stadium name and capacity with most number of concerts in year 2014 or after.,1.0,1.0,True,True
concert_singer-Show countries where a singer above age 40 and a singer below 30 are from.,298,hard,Show countries where a singer above age 40 and a singer below 30 are from.,1.0,1.0,True,True
world_1-Give the names of nations that speak both English and French.,900,extra,Give the names of nations that speak both English and French.,1.0,1.0,True,True
car_1-What is the largest amount of horsepower for the models with 3 cylinders and what make is it?,725,extra,What is the largest amount of horsepower for the models with 3 cylinders and what make is it?,0.0,1.0,False,True
student_transcripts_tracking-What is the date and id of the transcript with the least number of results?,484,extra,What is the date and id of the transcript with the least number of results?,1.0,1.0,True,True
world_1-Give the name of the nation that uses the greatest amount of languages.,871,extra,Give the name of the nation that uses the greatest amount of languages.,1.0,1.0,True,True
world_1-Which countries have greater area than that of any country in Europe?,350,hard,Which countries have greater area than that of any country in Europe?,0.58,0.0,False,False
"car_1-Among the cars with more than lowest horsepower, which ones do not have more than 3 cylinders? List the car makeid and make name.",909,extra,"Among the cars with more than lowest horsepower, which ones do not have more than 3 cylinders? List the car makeid and make name.",0.0,0.0,False,False
employee_hire_evaluation-Which shops' number products is above the average? Give me the shop names.,849,hard,Which shops' number products is above the average? Give me the shop names.,1.0,1.0,True,True
flight_2-Find the number of flights landing in the city of Aberdeen or Abilene.,322,hard,Find the number of flights landing in the city of Aberdeen or Abilene.,1.0,1.0,True,True
flight_2-Which airlines have departures from CVO but not from APG airports?,766,extra,Which airlines have departures from CVO but not from APG airports?,1.0,0.0,True,False
world_1-What is the total population and average area of countries in the continent of North America whose area is bigger than 3000 ?,817,hard,What is the total population and average area of countries in the continent of North America whose area is bigger than 3000 ?,1.0,1.0,True,True
world_1-Which languages are spoken by only one country in republic governments?,809,hard,Which languages are spoken by only one country in republic governments?,1.0,1.0,True,True
cre_Doc_Template_Mgt-What are the codes of template types that are not used for any document?,351,hard,What are the codes of template types that are not used for any document?,1.0,1.0,True,True
wta_1-What is the code of the country with the most players?,418,hard,What is the code of the country with the most players?,1.0,1.0,True,True
dog_kennels-What is the average age of the dogs who have gone through any treatments?,1018,hard,What is the average age of the dogs who have gone through any treatments?,0.0,0.0,False,False
poker_player-Give the nationality that is most common across all people.,243,hard,Give the nationality that is most common across all people.,1.0,1.0,True,True
"world_1-What are the name, population, and life expectancy of the largest Asian country by land?",159,hard,"What are the name, population, and life expectancy of the largest Asian country by land?",1.0,1.0,True,True
tvshow-find the id of tv channels that do not play any cartoon directed by Ben Jones.,229,hard,find the id of tv channels that do not play any cartoon directed by Ben Jones.,1.0,1.0,True,True
pets_1-Find the first name and age of students who have a dog but do not have a cat as a pet.,172,extra,Find the first name and age of students who have a dog but do not have a cat as a pet.,0.5,1.0,False,True
dog_kennels-Tell me the number of dogs that have not received any treatment .,237,extra,Tell me the number of dogs that have not received any treatment .,1.0,1.0,True,True
flight_2-Which city has the most frequent destination airport?,181,extra,Which city has the most frequent destination airport?,1.0,1.0,True,True
cre_Doc_Template_Mgt-Show ids for all templates not used by any document.,934,hard,Show ids for all templates not used by any document.,1.0,1.0,True,True
world_1-What are the African countries that have a  population less than any country in Asia?,477,extra,What are the African countries that have a  population less than any country in Asia?,0.09,0.09,False,False
dog_kennels-What are the names of the dogs for which the owner has not spend more than 1000 for treatment ?,413,hard,What are the names of the dogs for which the owner has not spend more than 1000 for treatment ?,0.5,1.0,False,True
dog_kennels-Find the first names that are used for professionals or owners but are not used as dog names.,374,hard,Find the first names that are used for professionals or owners but are not used as dog names.,1.0,1.0,True,True
flight_2-Which airlines have departing flights from both APG and CVO airports?,288,extra,Which airlines have departing flights from both APG and CVO airports?,1.0,1.0,True,True
flight_2-Which airports do not have departing or arriving flights?,756,hard,Which airports do not have departing or arriving flights?,1.0,0.0,True,False
course_teach-Show names of teachers and the courses they are arranged to teach in ascending alphabetical order of the teacher's name.,261,hard,Show names of teachers and the courses they are arranged to teach in ascending alphabetical order of the teacher's name.,0.0,1.0,False,True
world_1-What are the Asian countries which have a population larger than that of any country in Africa?,886,extra,What are the Asian countries which have a population larger than that of any country in Africa?,0.12,0.12,False,False
poker_player-What are the names of people who do not play poker?,706,hard,What are the names of people who do not play poker?,1.0,1.0,True,True
"museum_visit-What are the id, name and membership level of visitors who have spent the largest amount of money in total in all museum tickets?",408,extra,"What are the id, name and membership level of visitors who have spent the largest amount of money in total in all museum tickets?",1.0,1.0,True,True
poker_player-What is the most common nationality of people?,392,hard,What is the most common nationality of people?,0.0,0.0,False,False
pets_1-What are the students' first names who have both cats and dogs as pets?,472,extra,What are the students' first names who have both cats and dogs as pets?,1.0,1.0,True,True
wta_1-Find the name and rank points of the winner who won the most times.,271,hard,Find the name and rank points of the winner who won the most times.,1.0,1.0,True,True
world_1-What is name of the country that speaks the largest number of languages?,916,extra,What is name of the country that speaks the largest number of languages?,1.0,1.0,True,True
orchestra-List the record company shared by the most number of orchestras.,773,hard,List the record company shared by the most number of orchestras.,1.0,1.0,True,True
employee_hire_evaluation-What are the names of the employees who never received any evaluation?,952,hard,What are the names of the employees who never received any evaluation?,1.0,1.0,True,True
dog_kennels-Find the average age of the dogs who went through treatments.,601,hard,Find the average age of the dogs who went through treatments.,0.0,0.0,False,False
"dog_kennels-Which professionals live in the state of Indiana or have done treatment on more than 2 treatments? List his or her id, last name and cell phone.",914,extra,"Which professionals live in the state of Indiana or have done treatment on more than 2 treatments? List his or her id, last name and cell phone.",1.0,1.0,True,True
employee_hire_evaluation-Find the name of the employee who got the highest one time bonus.,984,hard,Find the name of the employee who got the highest one time bonus.,1.0,1.0,True,True
car_1-What are the ids and makers of all car makers that produce at least 2 models and make more than 3 cars?,873,extra,What are the ids and makers of all car makers that produce at least 2 models and make more than 3 cars?,0.0,0.33,False,False
cre_Doc_Template_Mgt-Show all template type codes that are not used by any document.,760,hard,Show all template type codes that are not used by any document.,1.0,1.0,True,True
"student_transcripts_tracking-What are the first, middle, and last names for everybody enrolled in a Bachelors program?",300,hard,"What are the first, middle, and last names for everybody enrolled in a Bachelors program?",0.0,0.0,False,False
cre_Doc_Template_Mgt-Return the id and type code of the template that is used for the greatest number of documents.,198,extra,Return the id and type code of the template that is used for the greatest number of documents.,1.0,1.0,True,True
employee_hire_evaluation-Find the districts in which there are both shops selling less than 3000 products and shops selling more than 10000 products.,613,hard,Find the districts in which there are both shops selling less than 3000 products and shops selling more than 10000 products.,1.0,1.0,True,True
concert_singer-Show the stadium names without any concert.,323,hard,Show the stadium names without any concert.,1.0,1.0,True,True
network_1-Which grade has the most high schoolers?,377,hard,Which grade has the most high schoolers?,1.0,1.0,True,True
network_1-What is the name of the high schooler who has the greatest number of friends?,680,extra,What is the name of the high schooler who has the greatest number of friends?,1.0,1.0,True,True
flight_2-How many flights land in Aberdeen or Abilene?,205,hard,How many flights land in Aberdeen or Abilene?,1.0,1.0,True,True
world_1-Find the city with the largest population that uses English.,1016,extra,Find the city with the largest population that uses English.,0.0,0.0,False,False
car_1-How many car models are produced in the usa?,813,hard,How many car models are produced in the usa?,0.0,0.0,False,False
world_1-Which African countries have a smaller population than that of any country in Asia?,890,extra,Which African countries have a smaller population than that of any country in Asia?,0.0,1.0,False,True
network_1-Give the name of the student with the most likes.,713,extra,Give the name of the student with the most likes.,1.0,1.0,True,True
world_1-Return the codes of countries that do not speak English and do not have Republics for governments.,1004,hard,Return the codes of countries that do not speak English and do not have Republics for governments.,1.0,0.0,True,False
world_1-Return the different names of cities that are in Asia and for which Chinese is the official language.,526,hard,Return the different names of cities that are in Asia and for which Chinese is the official language.,0.0,1.0,False,True
tvshow-What is the country with the most number of TV Channels and how many does it have?,318,hard,What is the country with the most number of TV Channels and how many does it have?,1.0,1.0,True,True
car_1-What is the maximum horsepower and the make of the car models with 3 cylinders?,795,extra,What is the maximum horsepower and the make of the car models with 3 cylinders?,0.0,0.0,False,False
pets_1-Find the first name of students who have cat or dog pet.,999,extra,Find the first name of students who have cat or dog pet.,1.0,1.0,True,True
course_teach-List the most common hometown of teachers.,722,hard,List the most common hometown of teachers.,0.0,0.0,False,False
car_1-Find the name of the makers that produced some cars in the year of 1970?,683,extra,Find the name of the makers that produced some cars in the year of 1970?,1.0,0.0,True,False
car_1-What is the count of the car models produced in the United States?,130,hard,What is the count of the car models produced in the United States?,0.0,0.0,False,False
museum_visit-What are the id and name of the museum visited most times?,563,extra,What are the id and name of the museum visited most times?,1.0,1.0,True,True
concert_singer-What is the name and capacity of the stadium with the most concerts after 2013 ?,127,extra,What is the name and capacity of the stadium with the most concerts after 2013 ?,1.0,1.0,True,True
flight_2-Find all airlines that have flights from airport 'CVO' but not from 'APG'.,246,extra,Find all airlines that have flights from airport 'CVO' but not from 'APG'.,0.0,0.0,False,False
"car_1-For model volvo, how many cylinders does the car with the least accelerate have?",522,extra,"For model volvo, how many cylinders does the car with the least accelerate have?",1.0,1.0,True,True
car_1-What are the different models for the cards produced after 1980?,313,hard,What are the different models for the cards produced after 1980?,1.0,0.0,True,False
poker_player-What is the birth date of the poker player with the lowest earnings?,565,hard,What is the birth date of the poker player with the lowest earnings?,1.0,1.0,True,True
cre_Doc_Template_Mgt-What is the id and type code for the template used by the most documents?,978,extra,What is the id and type code for the template used by the most documents?,1.0,1.0,True,True
car_1-What are the different models wthat are lighter than 3500 but were not built by the Ford Motor Company?,487,extra,What are the different models wthat are lighter than 3500 but were not built by the Ford Motor Company?,0.0,0.0,False,False
world_1-What languages are only used by a single country with a republic government?,275,hard,What languages are only used by a single country with a republic government?,1.0,0.88,True,False
tvshow-What are the ids of the TV channels that do not have any cartoons directed by Ben Jones?,162,hard,What are the ids of the TV channels that do not have any cartoons directed by Ben Jones?,0.92,1.0,False,True
network_1-What are the ids of high school students who do not have friends?,373,hard,What are the ids of high school students who do not have friends?,0.0,1.0,False,True
network_1-Return the grade that has the greatest number of high schoolers.,407,hard,Return the grade that has the greatest number of high schoolers.,1.0,1.0,True,True
world_1-Which countries have either English or Dutch as an official language?,767,extra,Which countries have either English or Dutch as an official language?,0.0,0.0,False,False
car_1-What is the name of each continent and how many car makers are there in each one?,693,hard,What is the name of each continent and how many car makers are there in each one?,0.0,0.0,False,False
student_transcripts_tracking-Find the semester when both Master students and Bachelor students got enrolled in.,471,extra,Find the semester when both Master students and Bachelor students got enrolled in.,0.0,0.0,False,False
tvshow-find the package option of the tv channel that do not have any cartoon directed by Ben Jones.,355,hard,find the package option of the tv channel that do not have any cartoon directed by Ben Jones.,0.27,0.27,False,False
"student_transcripts_tracking-For each semester, what is the name and id of the one with the most students registered?",1020,extra,"For each semester, what is the name and id of the one with the most students registered?",1.0,0.0,True,False
dog_kennels-How many owners temporarily do not have any dogs?,1030,extra,How many owners temporarily do not have any dogs?,1.0,1.0,True,True
student_transcripts_tracking-What are the last name of the students who live in North Carolina but have not registered in any degree programs?,179,extra,What are the last name of the students who live in North Carolina but have not registered in any degree programs?,0.0,0.0,False,False
flight_2-Which airline has most number of flights?,743,extra,Which airline has most number of flights?,0.0,0.0,False,False
museum_visit-Find the name and age of the visitor who bought the most tickets at once.,1022,hard,Find the name and age of the visitor who bought the most tickets at once.,1.0,1.0,True,True
dog_kennels-Find the owner id and zip code of the owner who spent the most money in total for his or her dogs.,232,extra,Find the owner id and zip code of the owner who spent the most money in total for his or her dogs.,1.0,1.0,True,True
orchestra-What is the record company used by the greatest number of orchestras?,815,hard,What is the record company used by the greatest number of orchestras?,1.0,1.0,True,True
car_1-What is the model for the car with a weight smaller than the average?,667,extra,What is the model for the car with a weight smaller than the average?,0.0,0.0,False,False
"student_transcripts_tracking-Which student has enrolled for the most times in any program? List the id, first name, middle name, last name, the number of enrollments and student id.",512,extra,"Which student has enrolled for the most times in any program? List the id, first name, middle name, last name, the number of enrollments and student id.",0.0,1.0,False,True
dog_kennels-Who owns the youngest dog? Give me his or her last name.,571,extra,Who owns the youngest dog? Give me his or her last name.,0.0,0.0,False,False
"dog_kennels-Which owner owns the most dogs? List the owner id, first name and last name.",852,extra,"Which owner owns the most dogs? List the owner id, first name and last name.",1.0,1.0,True,True
student_transcripts_tracking-What is the semester which most student registered in? Show both the name and the id.,464,extra,What is the semester which most student registered in? Show both the name and the id.,1.0,1.0,True,True
world_1-What is the name of country that has the shortest life expectancy in Asia?,409,hard,What is the name of country that has the shortest life expectancy in Asia?,1.0,1.0,True,True
flight_2-What is the code of airport that has fewest number of flights?,426,extra,What is the code of airport that has fewest number of flights?,0.0,0.0,False,False
car_1-Which distinctive models are produced by maker with the full name General Motors or weighing more than 3500?,212,extra,Which distinctive models are produced by maker with the full name General Motors or weighing more than 3500?,0.0,0.0,False,False
world_1-What is the language that is used by the largest number of Asian nations?,531,extra,What is the language that is used by the largest number of Asian nations?,0.0,0.0,False,False
"car_1-For a volvo model, how many cylinders does the version with least accelerate have?",395,extra,"For a volvo model, how many cylinders does the version with least accelerate have?",1.0,1.0,True,True
network_1-Show the ids of high schoolers who have friends and are also liked by someone else.,308,hard,Show the ids of high schoolers who have friends and are also liked by someone else.,1.0,1.0,True,True
student_transcripts_tracking-What is the maximum number of times that a course shows up in different transcripts and what is that course's enrollment id?,551,hard,What is the maximum number of times that a course shows up in different transcripts and what is that course's enrollment id?,0.0,0.0,False,False
singer-What are the citizenships that are shared by singers with a birth year before 1945 and after 1955?,580,hard,What are the citizenships that are shared by singers with a birth year before 1945 and after 1955?,1.0,1.0,True,True
dog_kennels-Find the states where both owners and professionals live.,440,hard,Find the states where both owners and professionals live.,1.0,1.0,True,True
cre_Doc_Template_Mgt-What is the document id and name with greatest number of paragraphs?,969,extra,What is the document id and name with greatest number of paragraphs?,1.0,1.0,True,True
employee_hire_evaluation-Which employee received the biggest bonus? Give me the employee name.,455,hard,Which employee received the biggest bonus? Give me the employee name.,1.0,1.0,True,True
tvshow-List the language used least number of TV Channel. List language and number of TV Channel.,84,hard,List the language used least number of TV Channel. List language and number of TV Channel.,0.5,1.0,False,True
cre_Doc_Template_Mgt-Return the id of the document with the fewest paragraphs.,100,hard,Return the id of the document with the fewest paragraphs.,1.0,0.0,True,False
world_1-What are the codes of the countries that do not speak English and whose government forms are not Republic?,102,hard,What are the codes of the countries that do not speak English and whose government forms are not Republic?,0.59,0.0,False,False
world_1-What is the total number of countries where Spanish is spoken by the largest percentage of people?,126,extra,What is the total number of countries where Spanish is spoken by the largest percentage of people?,0.0,0.0,False,False
student_transcripts_tracking-What's the name of the course with most number of enrollments?,129,extra,What's the name of the course with most number of enrollments?,0.0,1.0,False,True
network_1-Show names of all high school students who do not have any friends.,137,hard,Show names of all high school students who do not have any friends.,0.0,1.0,False,True
employee_hire_evaluation-Which employee received the most awards in evaluations? Give me the employee name.,160,extra,Which employee received the most awards in evaluations? Give me the employee name.,1.0,1.0,True,True
"pets_1-What major is every student who does not own a cat as a pet, and also how old are they?",165,extra,"What major is every student who does not own a cat as a pet, and also how old are they?",0.64,1.0,False,True
car_1-Which distinct car models are the produced after 1980?,174,hard,Which distinct car models are the produced after 1980?,1.0,1.0,True,True
student_transcripts_tracking-Find the last name of the students who currently live in the state of North Carolina but have not registered in any degree program.,177,extra,Find the last name of the students who currently live in the state of North Carolina but have not registered in any degree program.,0.0,0.0,False,False
"student_transcripts_tracking-Who is enrolled in a Bachelor degree program? List the first name, middle name, last name.",182,hard,"Who is enrolled in a Bachelor degree program? List the first name, middle name, last name.",1.0,0.62,True,False
car_1-What are the ids and names of all countries that either have more than 3 car makers or produce fiat model ?,184,extra,What are the ids and names of all countries that either have more than 3 car makers or produce fiat model ?,0.75,0.0,False,False
tvshow-What are the languages used by the least number of TV Channels and how many channels use it?,190,hard,What are the languages used by the least number of TV Channels and how many channels use it?,0.5,1.0,False,True
pets_1-Find the average age of students who do not have any pet .,191,extra,Find the average age of students who do not have any pet .,1.0,1.0,True,True
singer-What is the sname of every sing that does not have any song?,196,hard,What is the sname of every sing that does not have any song?,1.0,1.0,True,True
tvshow-which countries' tv channels are not playing any cartoon written by Todd Casey?,204,hard,which countries' tv channels are not playing any cartoon written by Todd Casey?,0.33,0.33,False,False
car_1-What is the number of cars with a greater accelerate than the one with the most horsepower?,206,hard,What is the number of cars with a greater accelerate than the one with the most horsepower?,1.0,1.0,True,True
course_teach-What are the names of the teachers whose courses have not been arranged?,208,hard,What are the names of the teachers whose courses have not been arranged?,1.0,1.0,True,True
singer-What is the most common singer citizenship ?,220,hard,What is the most common singer citizenship ?,1.0,1.0,True,True
cre_Doc_Template_Mgt-Which template type code is used by most number of documents?,235,extra,Which template type code is used by most number of documents?,1.0,1.0,True,True
flight_2-What airline serves the most flights?,245,extra,What airline serves the most flights?,0.0,0.0,False,False
student_transcripts_tracking-What is the id of the semester that had both Masters and Bachelors students enrolled?,253,extra,What is the id of the semester that had both Masters and Bachelors students enrolled?,0.0,0.0,False,False
student_transcripts_tracking-Find the first name of the students who permanently live in the country Haiti or have the cell phone number 09700166582 .,259,hard,Find the first name of the students who permanently live in the country Haiti or have the cell phone number 09700166582 .,1.0,1.0,True,True
concert_singer-What are the number of concerts that occurred in the stadium with the largest capacity ?,262,hard,What are the number of concerts that occurred in the stadium with the largest capacity ?,1.0,1.0,True,True
cre_Doc_Template_Mgt-Show the document id with paragraph text 'Brazil' and 'Ireland'.,263,hard,Show the document id with paragraph text 'Brazil' and 'Ireland'.,1.0,1.0,True,True
cre_Doc_Template_Mgt-Return the code of the template type that is most commonly used in documents.,265,extra,Return the code of the template type that is most commonly used in documents.,1.0,1.0,True,True
"dog_kennels-Find the id, last name and cell phone of the professionals who live in the state of Indiana or have performed more than two treatments.",277,extra,"Find the id, last name and cell phone of the professionals who live in the state of Indiana or have performed more than two treatments.",1.0,1.0,True,True
flight_2-How many flights fly from Aberdeen to Ashley?,284,hard,How many flights fly from Aberdeen to Ashley?,0.0,1.0,False,True
student_transcripts_tracking-Which address holds the most number of students currently? List the address id and all lines.,305,extra,Which address holds the most number of students currently? List the address id and all lines.,0.0,0.0,False,False
network_1-Show ids of all students who do not have any friends.,307,hard,Show ids of all students who do not have any friends.,0.0,1.0,False,True
singer-List the name of singers that do not have any song.,311,hard,List the name of singers that do not have any song.,1.0,1.0,True,True
"student_transcripts_tracking-What is the id, line 1, and line 2 of the address with the most students?",316,extra,"What is the id, line 1, and line 2 of the address with the most students?",1.0,1.0,True,True
world_1-Which continent speaks the most languages?,326,extra,Which continent speaks the most languages?,1.0,0.0,True,False
"dog_kennels-Return the owner id, first name and last name of the owner who has the most dogs.",335,extra,"Return the owner id, first name and last name of the owner who has the most dogs.",1.0,1.0,True,True
network_1-Find the minimum grade of students who have no friends.,338,extra,Find the minimum grade of students who have no friends.,1.0,0.0,True,False
flight_2-What is the code of airport that has the highest number of flights?,340,extra,What is the code of airport that has the highest number of flights?,0.0,1.0,False,True
world_1-Which language is the most popular in Aruba?,346,extra,Which language is the most popular in Aruba?,1.0,1.0,True,True
world_1-Give the names of countries with English and French as official languages.,348,extra,Give the names of countries with English and French as official languages.,0.0,0.0,False,False
dog_kennels-Give me the description of the treatment type whose total cost is the lowest.,370,extra,Give me the description of the treatment type whose total cost is the lowest.,1.0,1.0,True,True
wta_1-Which year had the most matches?,371,hard,Which year had the most matches?,1.0,1.0,True,True
world_1-Which unique cities are in Asian countries where Chinese is the official language ?,375,hard,Which unique cities are in Asian countries where Chinese is the official language ?,0.0,1.0,False,True
world_1-Give the name of the country in Asia with the lowest life expectancy.,384,hard,Give the name of the country in Asia with the lowest life expectancy.,1.0,1.0,True,True
student_transcripts_tracking-Find the program which most number of students are enrolled in. List both the id and the summary.,385,extra,Find the program which most number of students are enrolled in. List both the id and the summary.,1.0,1.0,True,True
wta_1-find the code of the country where has the greatest number of players.,387,hard,find the code of the country where has the greatest number of players.,1.0,1.0,True,True
car_1-How many car makers are there in each continents? List the continent name and the count.,391,hard,How many car makers are there in each continents? List the continent name and the count.,0.0,1.0,False,True
car_1-What are the names of the countries with no car makers?,402,hard,What are the names of the countries with no car makers?,0.0,0.0,False,False
concert_singer-Find the name and location of the stadiums which some concerts happened in the years of both 2014 and 2015.,419,extra,Find the name and location of the stadiums which some concerts happened in the years of both 2014 and 2015.,1.0,1.0,True,True
dog_kennels-Which breed do the most dogs have? Give me the breed name.,443,extra,Which breed do the most dogs have? Give me the breed name.,1.0,1.0,True,True
dog_kennels-List the names of the dogs of the rarest breed and the treatment dates of them.,445,extra,List the names of the dogs of the rarest breed and the treatment dates of them.,1.0,1.0,True,True
dog_kennels-Which dogs have not cost their owner more than 1000 for treatment ? List the dog names .,447,hard,Which dogs have not cost their owner more than 1000 for treatment ? List the dog names .,0.8,0.5,False,False
dog_kennels-Which owner has paid for the most treatments on his or her dogs? List the owner id and last name.,480,extra,Which owner has paid for the most treatments on his or her dogs? List the owner id and last name.,1.0,1.0,True,True
world_1-Return the country codes for countries that do not speak English.,482,hard,Return the country codes for countries that do not speak English.,0.97,0.0,False,False
network_1-Find the average grade of all students who have some friends.,486,hard,Find the average grade of all students who have some friends.,1.0,1.0,True,True
network_1-Show the names of all of the high schooler Kyle's friends.,489,hard,Show the names of all of the high schooler Kyle's friends.,1.0,1.0,True,True
"dog_kennels-Which professional did not operate any treatment on dogs? List the professional's id, role and email.",496,extra,"Which professional did not operate any treatment on dogs? List the professional's id, role and email.",1.0,1.0,True,True
car_1-Which of the countries has the most car makers? List the country name.,500,extra,Which of the countries has the most car makers? List the country name.,0.0,0.0,False,False
course_teach-What are the names of the people who teach math courses?,507,hard,What are the names of the people who teach math courses?,1.0,1.0,True,True
employee_hire_evaluation-Find the names of employees who never won any award in the evaluation.,544,hard,Find the names of employees who never won any award in the evaluation.,1.0,1.0,True,True
"wta_1-Find the first name, country code and birth date of the winner who has the highest rank points in all matches.",547,hard,"Find the first name, country code and birth date of the winner who has the highest rank points in all matches.",1.0,1.0,True,True
employee_hire_evaluation-Which shop has the most employees? Give me the shop name.,549,extra,Which shop has the most employees? Give me the shop name.,1.0,1.0,True,True
dog_kennels-What is the name of the breed with the most dogs?,584,extra,What is the name of the breed with the most dogs?,1.0,1.0,True,True
tvshow-What are the package options of all tv channels that are not playing any cartoons directed by Ben Jones?,599,hard,What are the package options of all tv channels that are not playing any cartoons directed by Ben Jones?,0.27,0.27,False,False
world_1-Count the number of countries for which Spanish is the predominantly spoken language.,621,extra,Count the number of countries for which Spanish is the predominantly spoken language.,0.0,0.0,False,False
world_1-Give the total population and average surface area corresponding to countries in North America that have a surface area greater than 3000 .,634,hard,Give the total population and average surface area corresponding to countries in North America that have a surface area greater than 3000 .,1.0,1.0,True,True
network_1-What are the names of high schoolers who both have friends and are liked?,637,hard,What are the names of high schoolers who both have friends and are liked?,1.0,1.0,True,True
wta_1-Find the year that has the most number of matches.,641,hard,Find the year that has the most number of matches.,1.0,1.0,True,True
world_1-What are the countries where either English or Dutch is the official language ?,642,extra,What are the countries where either English or Dutch is the official language ?,0.74,1.0,False,True
car_1-What are the name of the countries where there is not a single car maker?,649,hard,What are the name of the countries where there is not a single car maker?,0.47,0.47,False,False
dog_kennels-How many dogs have not gone through any treatment?,650,extra,How many dogs have not gone through any treatment?,1.0,1.0,True,True
"battle_death-Show names, results and bulgarian commanders of the battles with no ships lost in the 'English Channel'.",665,extra,"Show names, results and bulgarian commanders of the battles with no ships lost in the 'English Channel'.",0.0,0.0,False,False
dog_kennels-Which dogs are of the rarest breed? Show their names and treatment dates.,669,extra,Which dogs are of the rarest breed? Show their names and treatment dates.,1.0,1.0,True,True
car_1-What is the model of the car with the smallest amount of horsepower?,674,hard,What is the model of the car with the smallest amount of horsepower?,0.0,0.0,False,False
network_1-What are the names of students who have no friends?,696,hard,What are the names of students who have no friends?,0.0,0.0,False,False
network_1-What is the lowest grade of students who do not have any friends?,703,extra,What is the lowest grade of students who do not have any friends?,1.0,1.0,True,True
"wta_1-What is the name of the winner who has won the most matches, and how many rank points does this player have?",704,hard,"What is the name of the winner who has won the most matches, and how many rank points does this player have?",1.0,1.0,True,True
concert_singer-What are the names and locations of the stadiums that had concerts that occurred in both 2014 and 2015?,728,extra,What are the names and locations of the stadiums that had concerts that occurred in both 2014 and 2015?,1.0,1.0,True,True
world_1-What are the names of nations where both English and French are official languages?,732,extra,What are the names of nations where both English and French are official languages?,0.0,0.0,False,False
world_1-Which cities are in European countries where English is not the official language?,736,extra,Which cities are in European countries where English is not the official language?,0.02,0.0,False,False
concert_singer-Find the number of concerts happened in the stadium with the highest capacity .,742,hard,Find the number of concerts happened in the stadium with the highest capacity .,1.0,1.0,True,True
employee_hire_evaluation-Find the names of stores whose number products is more than the average number of products.,744,hard,Find the names of stores whose number products is more than the average number of products.,1.0,1.0,True,True
world_1-Which continent has the most diverse languages?,745,extra,Which continent has the most diverse languages?,0.0,0.0,False,False
network_1-What are the ids of students who both have friends and are liked?,746,hard,What are the ids of students who both have friends and are liked?,1.0,1.0,True,True
wta_1-Find the first name and country code of the player who did the most number of tours.,750,hard,Find the first name and country code of the player who did the most number of tours.,1.0,1.0,True,True
dog_kennels-List the last name of the owner owning the youngest dog.,761,extra,List the last name of the owner owning the youngest dog.,0.0,0.0,False,False
"car_1-Which model saves the most gasoline? That is to say, have the maximum miles per gallon.",775,hard,"Which model saves the most gasoline? That is to say, have the maximum miles per gallon.",0.0,0.0,False,False
"student_transcripts_tracking-What is the first, middle, and last name, along with the id and number of enrollments, for the student who enrolled the most in any program?",776,extra,"What is the first, middle, and last name, along with the id and number of enrollments, for the student who enrolled the most in any program?",0.0,0.0,False,False
car_1-What are the id and names of the countries which have more than 3 car makers or produce the 'fiat' model?,778,extra,What are the id and names of the countries which have more than 3 car makers or produce the 'fiat' model?,1.0,0.0,True,False
world_1-How many cities in each district have a population that is above the average population across all cities?,781,extra,How many cities in each district have a population that is above the average population across all cities?,0.0,0.0,False,False
world_1-What are the names of cities in Europe for which English is not the official language?,782,extra,What are the names of cities in Europe for which English is not the official language?,0.9,0.0,False,False
pets_1-What is the last name of the student who has a cat that is 3 years old?,784,hard,What is the last name of the student who has a cat that is 3 years old?,1.0,1.0,True,True
cre_Doc_Template_Mgt-What is the document id with least number of paragraphs?,811,hard,What is the document id with least number of paragraphs?,1.0,1.0,True,True
car_1-Which model has the most version(make) of cars?,825,hard,Which model has the most version(make) of cars?,0.0,1.0,False,True
dog_kennels-How many professionals did not operate any treatment on dogs?,830,extra,How many professionals did not operate any treatment on dogs?,1.0,1.0,True,True
cre_Doc_Template_Mgt-What are the ids of documents that contain the paragraph text 'Brazil' and 'Ireland'?,831,hard,What are the ids of documents that contain the paragraph text 'Brazil' and 'Ireland'?,1.0,1.0,True,True
pets_1-What is the first name of every student who has a dog but does not have a cat?,839,extra,What is the first name of every student who has a dog but does not have a cat?,0.0,0.0,False,False
concert_singer-What are all the song names by singers who are older than average?,854,hard,What are all the song names by singers who are older than average?,1.0,1.0,True,True
world_1-What is average life expectancy in the countries where English is not the official language?,857,extra,What is average life expectancy in the countries where English is not the official language?,0.0,0.0,False,False
real_estate_properties-What are the names of properties that are either houses or apartments with more than 1 room?,865,hard,What are the names of properties that are either houses or apartments with more than 1 room?,0.0,0.0,False,False
world_1-What are the country codes for countries that do not speak English?,872,hard,What are the country codes for countries that do not speak English?,0.97,0.97,False,False
employee_hire_evaluation-Which district has both stores with less than 3000 products and stores with more than 10000 products?,875,hard,Which district has both stores with less than 3000 products and stores with more than 10000 products?,1.0,1.0,True,True
dog_kennels-Find the number of professionals who have not treated any dogs.,877,extra,Find the number of professionals who have not treated any dogs.,1.0,1.0,True,True
car_1-What is the name of the country with the most car makers?,880,extra,What is the name of the country with the most car makers?,0.0,0.0,False,False
employee_hire_evaluation-Which shops run with no employees? Find the shop names,897,hard,Which shops run with no employees? Find the shop names,1.0,1.0,True,True
"dog_kennels-Give me the id, role and email of the professionals who did not perform any treatment on dogs.",928,extra,"Give me the id, role and email of the professionals who did not perform any treatment on dogs.",1.0,1.0,True,True
wta_1-Find the name of the winner who has the highest rank points and participated in the Australian Open tourney.,937,hard,Find the name of the winner who has the highest rank points and participated in the Australian Open tourney.,1.0,1.0,True,True
network_1-Return the name of the high school student with the most friends.,949,extra,Return the name of the high school student with the most friends.,1.0,1.0,True,True
pets_1-What are the first names of every student who has a cat or dog as a pet?,954,extra,What are the first names of every student who has a cat or dog as a pet?,1.0,1.0,True,True
pets_1-What are the ids of the students who do not own cats as pets?,961,hard,What are the ids of the students who do not own cats as pets?,1.0,1.0,True,True
world_1-Give the mean life expectancy of countries in which English is not the official language.,966,extra,Give the mean life expectancy of countries in which English is not the official language.,0.0,0.0,False,False
course_teach-Show the name of the teacher for the math course.,976,hard,Show the name of the teacher for the math course.,1.0,1.0,True,True
dog_kennels-Which states have both owners and professionals living there?,994,hard,Which states have both owners and professionals living there?,1.0,1.0,True,True
voter_1-How many contestants did not get voted?,1003,extra,How many contestants did not get voted?,1.0,1.0,True,True
pets_1-Find the number of dog pets that are raised by female students (with sex F).,1017,hard,Find the number of dog pets that are raised by female students (with sex F).,1.0,0.0,True,False
network_1-What are the names of high schoolers who have a grade of over 5 and have 2 or more friends?,1026,hard,What are the names of high schoolers who have a grade of over 5 and have 2 or more friends?,1.0,1.0,True,True
